acceptance_id,module_id,phase,assertion,fixture,execution,expected_result,status,build_id,environment,evidence,reviewer
M01-AC01,M01,P0,提供目标产品授权信息和版本证据，范围项均有来源或明确标记为新产品设计。,按模块定义的授权黄金样本,将断言转换为可复跑步骤并提交测试代码；观察模块期望行为及失败路径,提供目标产品授权信息和版本证据，范围项均有来源或明确标记为新产品设计。,NOT_RUN,,,,
M01-AC02,M01,P0,三个脱敏样本的数量清单、哈希和访问审批可复核。,按模块定义的授权黄金样本,将断言转换为可复跑步骤并提交测试代码；观察模块期望行为及失败路径,三个脱敏样本的数量清单、哈希和访问审批可复核。,NOT_RUN,,,,
M01-AC03,M01,P0,同一条旧脚本在原环境和概念验证环境的事件轨迹可比对。,按模块定义的授权黄金样本,将断言转换为可复跑步骤并提交测试代码；观察模块期望行为及失败路径,同一条旧脚本在原环境和概念验证环境的事件轨迹可比对。,NOT_RUN,,,,
M01-AC04,M01,P0,全部 OPEN 决策均有角色负责人、截止闸门和影响说明。,按模块定义的授权黄金样本,将断言转换为可复跑步骤并提交测试代码；观察模块期望行为及失败路径,全部 OPEN 决策均有角色负责人、截止闸门和影响说明。,NOT_RUN,,,,
M01-AC05,M01,P0,老板签批的是待研发范围与阶段额度，没有把文档交付当成产品完成。,按模块定义的授权黄金样本,将断言转换为可复跑步骤并提交测试代码；观察模块期望行为及失败路径,老板签批的是待研发范围与阶段额度，没有把文档交付当成产品完成。,NOT_RUN,,,,
M02-AC01,M02,P0/P1,新开发机按 README 安装后可构建健康检查，并得到一致版本信息。,按模块定义的授权黄金样本,将断言转换为可复跑步骤并提交测试代码；观察模块期望行为及失败路径,新开发机按 README 安装后可构建健康检查，并得到一致版本信息。,NOT_RUN,,,,
M02-AC02,M02,P0/P1,一个跨模块非法依赖会被架构测试阻止。,按模块定义的授权黄金样本,将断言转换为可复跑步骤并提交测试代码；观察模块期望行为及失败路径,一个跨模块非法依赖会被架构测试阻止。,NOT_RUN,,,,
M02-AC03,M02,P0/P1,数据库从空库迁移和从上一个版本迁移均通过。,按模块定义的授权黄金样本,将断言转换为可复跑步骤并提交测试代码；观察模块期望行为及失败路径,数据库从空库迁移和从上一个版本迁移均通过。,NOT_RUN,,,,
M02-AC04,M02,P0/P1,包含明文凭据的测试提交会被预提交或 CI 检出，日志不泄露密钥。,按模块定义的授权黄金样本,将断言转换为可复跑步骤并提交测试代码；观察模块期望行为及失败路径,包含明文凭据的测试提交会被预提交或 CI 检出，日志不泄露密钥。,NOT_RUN,,,,
M02-AC05,M02,P0/P1,流水线失败不会发布镜像或修改生产环境。,按模块定义的授权黄金样本,将断言转换为可复跑步骤并提交测试代码；观察模块期望行为及失败路径,流水线失败不会发布镜像或修改生产环境。,NOT_RUN,,,,
M03-AC01,M03,P1,A 租户使用 B 租户 ID 调用列表、详情、导出和附件接口均不可读取数据。,按模块定义的授权黄金样本,将断言转换为可复跑步骤并提交测试代码；观察模块期望行为及失败路径,A 租户使用 B 租户 ID 调用列表、详情、导出和附件接口均不可读取数据。,NOT_RUN,,,,
M03-AC02,M03,P1,撤销成员后，网页会话、机器令牌、后台任务和搜索结果均按定义时限失效。,按模块定义的授权黄金样本,将断言转换为可复跑步骤并提交测试代码；观察模块期望行为及失败路径,撤销成员后，网页会话、机器令牌、后台任务和搜索结果均按定义时限失效。,NOT_RUN,,,,
M03-AC03,M03,P1,数据库连接复用不会携带上一个请求的项目上下文。,按模块定义的授权黄金样本,将断言转换为可复跑步骤并提交测试代码；观察模块期望行为及失败路径,数据库连接复用不会携带上一个请求的项目上下文。,NOT_RUN,,,,
M03-AC04,M03,P1,仅有站点管理权限的用户不能自动查看项目测试证据。,按模块定义的授权黄金样本,将断言转换为可复跑步骤并提交测试代码；观察模块期望行为及失败路径,仅有站点管理权限的用户不能自动查看项目测试证据。,NOT_RUN,,,,
M03-AC05,M03,P1,SSO 失败或身份提供方不可用时不降级到无认证访问。,按模块定义的授权黄金样本,将断言转换为可复跑步骤并提交测试代码；观察模块期望行为及失败路径,SSO 失败或身份提供方不可用时不降级到无认证访问。,NOT_RUN,,,,
M04-AC01,M04,P1/P2,同一非法值从 UI、REST 和导入进入都得到相同业务错误。,按模块定义的授权黄金样本,将断言转换为可复跑步骤并提交测试代码；观察模块期望行为及失败路径,同一非法值从 UI、REST 和导入进入都得到相同业务错误。,NOT_RUN,,,,
M04-AC02,M04,P1/P2,停用已使用选项后，历史记录仍可读且不允许新选用。,按模块定义的授权黄金样本,将断言转换为可复跑步骤并提交测试代码；观察模块期望行为及失败路径,停用已使用选项后，历史记录仍可读且不允许新选用。,NOT_RUN,,,,
M04-AC03,M04,P1/P2,注入式过滤表达式不执行 SQL，也不泄露数据库信息。,按模块定义的授权黄金样本,将断言转换为可复跑步骤并提交测试代码；观察模块期望行为及失败路径,注入式过滤表达式不执行 SQL，也不泄露数据库信息。,NOT_RUN,,,,
M04-AC04,M04,P1/P2,字段类型变更发现不兼容记录时阻止切换并提供错误清单。,按模块定义的授权黄金样本,将断言转换为可复跑步骤并提交测试代码；观察模块期望行为及失败路径,字段类型变更发现不兼容记录时阻止切换并提供错误清单。,NOT_RUN,,,,
M04-AC05,M04,P1/P2,无字段权限的用户在报表、搜索和导出中也无法看到该字段。,按模块定义的授权黄金样本,将断言转换为可复跑步骤并提交测试代码；观察模块期望行为及失败路径,无字段权限的用户在报表、搜索和导出中也无法看到该字段。,NOT_RUN,,,,
M05-AC01,M05,P1/P2,恶意文件和扫描未完成文件不可下载或执行。,按模块定义的授权黄金样本,将断言转换为可复跑步骤并提交测试代码；观察模块期望行为及失败路径,恶意文件和扫描未完成文件不可下载或执行。,NOT_RUN,,,,
M05-AC02,M05,P1/P2,运行引用的文件更新后，原运行仍能下载原版本。,按模块定义的授权黄金样本,将断言转换为可复跑步骤并提交测试代码；观察模块期望行为及失败路径,运行引用的文件更新后，原运行仍能下载原版本。,NOT_RUN,,,,
M05-AC03,M05,P1/P2,删除被保留锁占用的附件被拒绝并返回引用原因。,按模块定义的授权黄金样本,将断言转换为可复跑步骤并提交测试代码；观察模块期望行为及失败路径,删除被保留锁占用的附件被拒绝并返回引用原因。,NOT_RUN,,,,
M05-AC04,M05,P1/P2,上传断网恢复不会产生重复已发布版本。,按模块定义的授权黄金样本,将断言转换为可复跑步骤并提交测试代码；观察模块期望行为及失败路径,上传断网恢复不会产生重复已发布版本。,NOT_RUN,,,,
M05-AC05,M05,P1/P2,不同租户上传相同内容不会暴露文件存在性或共享下载权限。,按模块定义的授权黄金样本,将断言转换为可复跑步骤并提交测试代码；观察模块期望行为及失败路径,不同租户上传相同内容不会暴露文件存在性或共享下载权限。,NOT_RUN,,,,
M06-AC01,M06,P1/P2,周期超出发布日期范围时按政策拒绝或要求授权调整。,按模块定义的授权黄金样本,将断言转换为可复跑步骤并提交测试代码；观察模块期望行为及失败路径,周期超出发布日期范围时按政策拒绝或要求授权调整。,NOT_RUN,,,,
M06-AC02,M06,P1/P2,同一用例在两个发布中分别统计，不重复计算同一范围的测试实例。,按模块定义的授权黄金样本,将断言转换为可复跑步骤并提交测试代码；观察模块期望行为及失败路径,同一用例在两个发布中分别统计，不重复计算同一范围的测试实例。,NOT_RUN,,,,
M06-AC03,M06,P1/P2,已签批里程碑不会因后来修订用例而改变。,按模块定义的授权黄金样本,将断言转换为可复跑步骤并提交测试代码；观察模块期望行为及失败路径,已签批里程碑不会因后来修订用例而改变。,NOT_RUN,,,,
M06-AC04,M06,P1/P2,跨时区查询使用相同统计边界，日期无一天偏移。,按模块定义的授权黄金样本,将断言转换为可复跑步骤并提交测试代码；观察模块期望行为及失败路径,跨时区查询使用相同统计边界，日期无一天偏移。,NOT_RUN,,,,
M06-AC05,M06,P1/P2,人工放行必须记录原因、审批人和当时的质量快照。,按模块定义的授权黄金样本,将断言转换为可复跑步骤并提交测试代码；观察模块期望行为及失败路径,人工放行必须记录原因、审批人和当时的质量快照。,NOT_RUN,,,,
M07-AC01,M07,P1,两人基于相同版本修改需求，第二次提交收到 412 且原文不丢失。,按模块定义的授权黄金样本,将断言转换为可复跑步骤并提交测试代码；观察模块期望行为及失败路径,两人基于相同版本修改需求，第二次提交收到 412 且原文不丢失。,NOT_RUN,,,,
M07-AC02,M07,P1,目录移动制造环时返回错误，不会挂死树查询。,按模块定义的授权黄金样本,将断言转换为可复跑步骤并提交测试代码；观察模块期望行为及失败路径,目录移动制造环时返回错误，不会挂死树查询。,NOT_RUN,,,,
M07-AC03,M07,P1,评审通过后修订正文会生成新修订并使旧评审保持原样。,按模块定义的授权黄金样本,将断言转换为可复跑步骤并提交测试代码；观察模块期望行为及失败路径,评审通过后修订正文会生成新修订并使旧评审保持原样。,NOT_RUN,,,,
M07-AC04,M07,P1,需求关联测试后再变更，界面显示需要重新确认的覆盖关系。,按模块定义的授权黄金样本,将断言转换为可复跑步骤并提交测试代码；观察模块期望行为及失败路径,需求关联测试后再变更，界面显示需要重新确认的覆盖关系。,NOT_RUN,,,,
M07-AC05,M07,P1,导入中一条非法记录不会无提示地影响其他数据，结果可重试。,按模块定义的授权黄金样本,将断言转换为可复跑步骤并提交测试代码；观察模块期望行为及失败路径,导入中一条非法记录不会无提示地影响其他数据，结果可重试。,NOT_RUN,,,,
M08-AC01,M08,P1/P2,测试步骤调序后历史运行仍显示原顺序和原文本。,按模块定义的授权黄金样本,将断言转换为可复跑步骤并提交测试代码；观察模块期望行为及失败路径,测试步骤调序后历史运行仍显示原顺序和原文本。,NOT_RUN,,,,
M08-AC02,M08,P1/P2,三个配置分别产生三个可追踪实例，不覆盖同一个结果。,按模块定义的授权黄金样本,将断言转换为可复跑步骤并提交测试代码；观察模块期望行为及失败路径,三个配置分别产生三个可追踪实例，不覆盖同一个结果。,NOT_RUN,,,,
M08-AC03,M08,P1/P2,被调用测试形成环时禁止发布和执行。,按模块定义的授权黄金样本,将断言转换为可复跑步骤并提交测试代码；观察模块期望行为及失败路径,被调用测试形成环时禁止发布和执行。,NOT_RUN,,,,
M08-AC04,M08,P1/P2,编辑锁失效后旧编辑者不能覆盖新版本。,按模块定义的授权黄金样本,将断言转换为可复跑步骤并提交测试代码；观察模块期望行为及失败路径,编辑锁失效后旧编辑者不能覆盖新版本。,NOT_RUN,,,,
M08-AC05,M08,P1/P2,密钥参数不进入日志、导出、运行截图元数据或 API 明文响应。,按模块定义的授权黄金样本,将断言转换为可复跑步骤并提交测试代码；观察模块期望行为及失败路径,密钥参数不进入日志、导出、运行截图元数据或 API 明文响应。,NOT_RUN,,,,
M09-AC01,M09,P1,重跑通过仍保留第一次失败及证据，汇总可选择最新有效尝试。,按模块定义的授权黄金样本,将断言转换为可复跑步骤并提交测试代码；观察模块期望行为及失败路径,重跑通过仍保留第一次失败及证据，汇总可选择最新有效尝试。,NOT_RUN,,,,
M09-AC02,M09,P1,运行中修改用例不改变本次执行内容。,按模块定义的授权黄金样本,将断言转换为可复跑步骤并提交测试代码；观察模块期望行为及失败路径,运行中修改用例不改变本次执行内容。,NOT_RUN,,,,
M09-AC03,M09,P1,关闭浏览器重开后可从最近确认步骤继续，未同步数据明确提示。,按模块定义的授权黄金样本,将断言转换为可复跑步骤并提交测试代码；观察模块期望行为及失败路径,关闭浏览器重开后可从最近确认步骤继续，未同步数据明确提示。,NOT_RUN,,,,
M09-AC04,M09,P1,重复提交同一步骤不会产生重复证据引用或重复缺陷。,按模块定义的授权黄金样本,将断言转换为可复跑步骤并提交测试代码；观察模块期望行为及失败路径,重复提交同一步骤不会产生重复证据引用或重复缺陷。,NOT_RUN,,,,
M09-AC05,M09,P1,已结束运行不能被直接覆盖，所有更正保留原因和前值。,按模块定义的授权黄金样本,将断言转换为可复跑步骤并提交测试代码；观察模块期望行为及失败路径,已结束运行不能被直接覆盖，所有更正保留原因和前值。,NOT_RUN,,,,
M10-AC01,M10,P1,没有修复说明的缺陷不能通过受限转换直接关闭。,按模块定义的授权黄金样本,将断言转换为可复跑步骤并提交测试代码；观察模块期望行为及失败路径,没有修复说明的缺陷不能通过受限转换直接关闭。,NOT_RUN,,,,
M10-AC02,M10,P1,通过 UI 与 API 转换状态产生相同审计和业务校验。,按模块定义的授权黄金样本,将断言转换为可复跑步骤并提交测试代码；观察模块期望行为及失败路径,通过 UI 与 API 转换状态产生相同审计和业务校验。,NOT_RUN,,,,
M10-AC03,M10,P1,重复点击从运行建缺陷只生成一个缺陷及一条关联。,按模块定义的授权黄金样本,将断言转换为可复跑步骤并提交测试代码；观察模块期望行为及失败路径,重复点击从运行建缺陷只生成一个缺陷及一条关联。,NOT_RUN,,,,
M10-AC04,M10,P1,被标为重复的缺陷不会产生重复统计，原始记录仍可追溯。,按模块定义的授权黄金样本,将断言转换为可复跑步骤并提交测试代码；观察模块期望行为及失败路径,被标为重复的缺陷不会产生重复统计，原始记录仍可追溯。,NOT_RUN,,,,
M10-AC05,M10,P1,跨项目共享对象不暴露源项目不可见附件、评论和自定义字段。,按模块定义的授权黄金样本,将断言转换为可复跑步骤并提交测试代码；观察模块期望行为及失败路径,跨项目共享对象不暴露源项目不可见附件、评论和自定义字段。,NOT_RUN,,,,
M11-AC01,M11,P1/P2,有测试关联但尚未执行的需求，不计入已通过覆盖。,按模块定义的授权黄金样本,将断言转换为可复跑步骤并提交测试代码；观察模块期望行为及失败路径,有测试关联但尚未执行的需求，不计入已通过覆盖。,NOT_RUN,,,,
M11-AC02,M11,P1/P2,需求更新后旧覆盖显示可疑，确认操作绑定新旧版本。,按模块定义的授权黄金样本,将断言转换为可复跑步骤并提交测试代码；观察模块期望行为及失败路径,需求更新后旧覆盖显示可疑，确认操作绑定新旧版本。,NOT_RUN,,,,
M11-AC03,M11,P1/P2,同一需求关联多配置时指标不会无意放大分母。,按模块定义的授权黄金样本,将断言转换为可复跑步骤并提交测试代码；观察模块期望行为及失败路径,同一需求关联多配置时指标不会无意放大分母。,NOT_RUN,,,,
M11-AC04,M11,P1/P2,不存在或跨租户的端点不能插入关系表。,按模块定义的授权黄金样本,将断言转换为可复跑步骤并提交测试代码；观察模块期望行为及失败路径,不存在或跨租户的端点不能插入关系表。,NOT_RUN,,,,
M11-AC05,M11,P1/P2,重建投影后与源关系及运行数据结果一致。,按模块定义的授权黄金样本,将断言转换为可复跑步骤并提交测试代码；观察模块期望行为及失败路径,重建投影后与源关系及运行数据结果一致。,NOT_RUN,,,,
M12-AC01,M12,P1/P2,包含 =、+、-、@ 公式前缀的表格单元格导出为安全文本。,按模块定义的授权黄金样本,将断言转换为可复跑步骤并提交测试代码；观察模块期望行为及失败路径,包含 =、+、-、@ 公式前缀的表格单元格导出为安全文本。,NOT_RUN,,,,
M12-AC02,M12,P1/P2,用户撤权后不能下载此前创建的导出文件。,按模块定义的授权黄金样本,将断言转换为可复跑步骤并提交测试代码；观察模块期望行为及失败路径,用户撤权后不能下载此前创建的导出文件。,NOT_RUN,,,,
M12-AC03,M12,P1/P2,重复消息只产生一次用户通知或在日志中明确去重。,按模块定义的授权黄金样本,将断言转换为可复跑步骤并提交测试代码；观察模块期望行为及失败路径,重复消息只产生一次用户通知或在日志中明确去重。,NOT_RUN,,,,
M12-AC04,M12,P1/P2,分享过滤器不会继承分享者的项目权限。,按模块定义的授权黄金样本,将断言转换为可复跑步骤并提交测试代码；观察模块期望行为及失败路径,分享过滤器不会继承分享者的项目权限。,NOT_RUN,,,,
M12-AC05,M12,P1/P2,百万行导出异步执行，取消后临时文件按策略清理。,按模块定义的授权黄金样本,将断言转换为可复跑步骤并提交测试代码；观察模块期望行为及失败路径,百万行导出异步执行，取消后临时文件按策略清理。,NOT_RUN,,,,
M13-AC01,M13,P1/P2,通过 API 直接写入也受必填、权限及状态规则限制。,按模块定义的授权黄金样本,将断言转换为可复跑步骤并提交测试代码；观察模块期望行为及失败路径,通过 API 直接写入也受必填、权限及状态规则限制。,NOT_RUN,,,,
M13-AC02,M13,P1/P2,无限循环和网络访问表达式被沙箱中止，主服务不受影响。,按模块定义的授权黄金样本,将断言转换为可复跑步骤并提交测试代码；观察模块期望行为及失败路径,无限循环和网络访问表达式被沙箱中止，主服务不受影响。,NOT_RUN,,,,
M13-AC03,M13,P1/P2,流程发布后正在进行的运行仍引用原流程版本。,按模块定义的授权黄金样本,将断言转换为可复跑步骤并提交测试代码；观察模块期望行为及失败路径,流程发布后正在进行的运行仍引用原流程版本。,NOT_RUN,,,,
M13-AC04,M13,P1/P2,同一通知动作重试不会重复发送不可接受的业务消息。,按模块定义的授权黄金样本,将断言转换为可复跑步骤并提交测试代码；观察模块期望行为及失败路径,同一通知动作重试不会重复发送不可接受的业务消息。,NOT_RUN,,,,
M13-AC05,M13,P1/P2,同一输入运行规则模拟器两次得到同样输出和事件次序。,按模块定义的授权黄金样本,将断言转换为可复跑步骤并提交测试代码；观察模块期望行为及失败路径,同一输入运行规则模拟器两次得到同样输出和事件次序。,NOT_RUN,,,,
M14-AC01,M14,P2,创建基线时并发修改用例，最终快照不混入不同时间的步骤或关系。,按模块定义的授权黄金样本,将断言转换为可复跑步骤并提交测试代码；观察模块期望行为及失败路径,创建基线时并发修改用例，最终快照不混入不同时间的步骤或关系。,NOT_RUN,,,,
M14-AC02,M14,P2,基线依赖库外测试资源时，该资源版本也进入清单。,按模块定义的授权黄金样本,将断言转换为可复跑步骤并提交测试代码；观察模块期望行为及失败路径,基线依赖库外测试资源时，该资源版本也进入清单。,NOT_RUN,,,,
M14-AC03,M14,P2,基线 READY 前不能启动固定基线运行。,按模块定义的授权黄金样本,将断言转换为可复跑步骤并提交测试代码；观察模块期望行为及失败路径,基线 READY 前不能启动固定基线运行。,NOT_RUN,,,,
M14-AC04,M14,P2,删除正在被运行或签名引用的基线被阻止。,按模块定义的授权黄金样本,将断言转换为可复跑步骤并提交测试代码；观察模块期望行为及失败路径,删除正在被运行或签名引用的基线被阻止。,NOT_RUN,,,,
M14-AC05,M14,P2,固定基线的保留历史策略有明确差异记录，测试不冒称与原产品所有行为一致。,按模块定义的授权黄金样本,将断言转换为可复跑步骤并提交测试代码；观察模块期望行为及失败路径,固定基线的保留历史策略有明确差异记录，测试不冒称与原产品所有行为一致。,NOT_RUN,,,,
M15-AC01,M15,P1/P2,手工计算的覆盖率与页面、API、导出一致。,按模块定义的授权黄金样本,将断言转换为可复跑步骤并提交测试代码；观察模块期望行为及失败路径,手工计算的覆盖率与页面、API、导出一致。,NOT_RUN,,,,
M15-AC02,M15,P1/P2,重跑三次的实例在最新有效尝试口径下只计算一次。,按模块定义的授权黄金样本,将断言转换为可复跑步骤并提交测试代码；观察模块期望行为及失败路径,重跑三次的实例在最新有效尝试口径下只计算一次。,NOT_RUN,,,,
M15-AC03,M15,P1/P2,无权项目不影响返回总数、图表、筛选选项或缓存命中。,按模块定义的授权黄金样本,将断言转换为可复跑步骤并提交测试代码；观察模块期望行为及失败路径,无权项目不影响返回总数、图表、筛选选项或缓存命中。,NOT_RUN,,,,
M15-AC04,M15,P1/P2,报表缓存过期或投影落后时明确显示数据水位。,按模块定义的授权黄金样本,将断言转换为可复跑步骤并提交测试代码；观察模块期望行为及失败路径,报表缓存过期或投影落后时明确显示数据水位。,NOT_RUN,,,,
M15-AC05,M15,P1/P2,相同快照在升级后仍可重现，不能只保存一个失效查询链接。,按模块定义的授权黄金样本,将断言转换为可复跑步骤并提交测试代码；观察模块期望行为及失败路径,相同快照在升级后仍可重现，不能只保存一个失效查询链接。,NOT_RUN,,,,
M16-AC01,M16,P1/P2,两台节点同时领取任务仅有一台获得有效租约。,按模块定义的授权黄金样本,将断言转换为可复跑步骤并提交测试代码；观察模块期望行为及失败路径,两台节点同时领取任务仅有一台获得有效租约。,NOT_RUN,,,,
M16-AC02,M16,P1/P2,过期节点回传 PASS 被拒绝，不覆盖有效新尝试。,按模块定义的授权黄金样本,将断言转换为可复跑步骤并提交测试代码；观察模块期望行为及失败路径,过期节点回传 PASS 被拒绝，不覆盖有效新尝试。,NOT_RUN,,,,
M16-AC03,M16,P1/P2,断网后重复上传结果块不产生重复步骤和附件。,按模块定义的授权黄金样本,将断言转换为可复跑步骤并提交测试代码；观察模块期望行为及失败路径,断网后重复上传结果块不产生重复步骤和附件。,NOT_RUN,,,,
M16-AC04,M16,P1/P2,取消任务后残留子进程被终止或明确报告人工处置。,按模块定义的授权黄金样本,将断言转换为可复跑步骤并提交测试代码；观察模块期望行为及失败路径,取消任务后残留子进程被终止或明确报告人工处置。,NOT_RUN,,,,
M16-AC05,M16,P1/P2,存在外部副作用且结果未知的任务被置为待人工核对，不盲目重跑。,按模块定义的授权黄金样本,将断言转换为可复跑步骤并提交测试代码；观察模块期望行为及失败路径,存在外部副作用且结果未知的任务被置为待人工核对，不盲目重跑。,NOT_RUN,,,,
M17-AC01,M17,P2,同一独占资源的重叠预订只有一项成功。,按模块定义的授权黄金样本,将断言转换为可复跑步骤并提交测试代码；观察模块期望行为及失败路径,同一独占资源的重叠预订只有一项成功。,NOT_RUN,,,,
M17-AC02,M17,P2,夏令时切换日的定时任务按冻结策略执行一次或明确跳过。,按模块定义的授权黄金样本,将断言转换为可复跑步骤并提交测试代码；观察模块期望行为及失败路径,夏令时切换日的定时任务按冻结策略执行一次或明确跳过。,NOT_RUN,,,,
M17-AC03,M17,P2,已禁用节点即使上报在线也不能领取新任务。,按模块定义的授权黄金样本,将断言转换为可复跑步骤并提交测试代码；观察模块期望行为及失败路径,已禁用节点即使上报在线也不能领取新任务。,NOT_RUN,,,,
M17-AC04,M17,P2,等待资源超时产生可解释终态，不无限占位。,按模块定义的授权黄金样本,将断言转换为可复跑步骤并提交测试代码；观察模块期望行为及失败路径,等待资源超时产生可解释终态，不无限占位。,NOT_RUN,,,,
M17-AC05,M17,P2,项目配额耗尽只影响该项目，不阻塞其他租户队列。,按模块定义的授权黄金样本,将断言转换为可复跑步骤并提交测试代码；观察模块期望行为及失败路径,项目配额耗尽只影响该项目，不阻塞其他租户队列。,NOT_RUN,,,,
M18-AC01,M18,P2/P3,重复 Webhook 不会重复创建缺陷或运行记录。,按模块定义的授权黄金样本,将断言转换为可复跑步骤并提交测试代码；观察模块期望行为及失败路径,重复 Webhook 不会重复创建缺陷或运行记录。,NOT_RUN,,,,
M18-AC02,M18,P2/P3,伪造签名及超出时间窗的事件被拒绝并审计。,按模块定义的授权黄金样本,将断言转换为可复跑步骤并提交测试代码；观察模块期望行为及失败路径,伪造签名及超出时间窗的事件被拒绝并审计。,NOT_RUN,,,,
M18-AC03,M18,P2/P3,两侧同时修改受控字段进入冲突队列而不是静默丢失。,按模块定义的授权黄金样本,将断言转换为可复跑步骤并提交测试代码；观察模块期望行为及失败路径,两侧同时修改受控字段进入冲突队列而不是静默丢失。,NOT_RUN,,,,
M18-AC04,M18,P2/P3,外部 API 限流后重试可恢复且不会阻塞主交易。,按模块定义的授权黄金样本,将断言转换为可复跑步骤并提交测试代码；观察模块期望行为及失败路径,外部 API 限流后重试可恢复且不会阻塞主交易。,NOT_RUN,,,,
M18-AC05,M18,P2/P3,外部凭据撤销后及时停止同步，界面提示原因但不泄露令牌。,按模块定义的授权黄金样本,将断言转换为可复跑步骤并提交测试代码；观察模块期望行为及失败路径,外部凭据撤销后及时停止同步，界面提示原因但不泄露令牌。,NOT_RUN,,,,
M19-AC01,M19,P0/P1/P2/P3,同一批数据重复导入两次，目标实体、关系和附件数量不增加。,按模块定义的授权黄金样本,将断言转换为可复跑步骤并提交测试代码；观察模块期望行为及失败路径,同一批数据重复导入两次，目标实体、关系和附件数量不增加。,NOT_RUN,,,,
M19-AC02,M19,P0/P1/P2/P3,断在目标提交后、检查点更新前可安全重放。,按模块定义的授权黄金样本,将断言转换为可复跑步骤并提交测试代码；观察模块期望行为及失败路径,断在目标提交后、检查点更新前可安全重放。,NOT_RUN,,,,
M19-AC03,M19,P0/P1/P2/P3,所有源对象有迁移、隔离、合规保留或明确不支持四类可解释去向。,按模块定义的授权黄金样本,将断言转换为可复跑步骤并提交测试代码；观察模块期望行为及失败路径,所有源对象有迁移、隔离、合规保留或明确不支持四类可解释去向。,NOT_RUN,,,,
M19-AC04,M19,P0/P1/P2/P3,历史版本、时区、作者、附件与签名来源不被伪造。,按模块定义的授权黄金样本,将断言转换为可复跑步骤并提交测试代码；观察模块期望行为及失败路径,历史版本、时区、作者、附件与签名来源不被伪造。,NOT_RUN,,,,
M19-AC05,M19,P0/P1/P2/P3,恢复演练能够处理上线后新写入数据，而不仅恢复切换前备份。,按模块定义的授权黄金样本,将断言转换为可复跑步骤并提交测试代码；观察模块期望行为及失败路径,恢复演练能够处理上线后新写入数据，而不仅恢复切换前备份。,NOT_RUN,,,,
M20-AC01,M20,P2/P3,升级模板不会覆盖项目已批准的本地差异。,按模块定义的授权黄金样本,将断言转换为可复跑步骤并提交测试代码；观察模块期望行为及失败路径,升级模板不会覆盖项目已批准的本地差异。,NOT_RUN,,,,
M20-AC02,M20,P2/P3,源库和目标库同时修改同一步骤会触发冲突。,按模块定义的授权黄金样本,将断言转换为可复跑步骤并提交测试代码；观察模块期望行为及失败路径,源库和目标库同时修改同一步骤会触发冲突。,NOT_RUN,,,,
M20-AC03,M20,P2/P3,同步中断恢复后不会重复创建本地资产或关联。,按模块定义的授权黄金样本,将断言转换为可复跑步骤并提交测试代码；观察模块期望行为及失败路径,同步中断恢复后不会重复创建本地资产或关联。,NOT_RUN,,,,
M20-AC04,M20,P2/P3,源项目撤权后不可再拉取新版本，旧证据按保留策略处理。,按模块定义的授权黄金样本,将断言转换为可复跑步骤并提交测试代码；观察模块期望行为及失败路径,源项目撤权后不可再拉取新版本，旧证据按保留策略处理。,NOT_RUN,,,,
M20-AC05,M20,P2/P3,脱离模板后的脚本执行符合冻结的目标行为并保留来源。,按模块定义的授权黄金样本,将断言转换为可复跑步骤并提交测试代码；观察模块期望行为及失败路径,脱离模板后的脚本执行符合冻结的目标行为并保留来源。,NOT_RUN,,,,
M21-AC01,M21,P3,嵌套流程形成环时编译失败并指明环路径。,按模块定义的授权黄金样本,将断言转换为可复跑步骤并提交测试代码；观察模块期望行为及失败路径,嵌套流程形成环时编译失败并指明环路径。,NOT_RUN,,,,
M21-AC02,M21,P3,多次迭代参数互不污染，结果可定位到迭代和组件。,按模块定义的授权黄金样本,将断言转换为可复跑步骤并提交测试代码；观察模块期望行为及失败路径,多次迭代参数互不污染，结果可定位到迭代和组件。,NOT_RUN,,,,
M21-AC03,M21,P3,组件新版本发布后旧业务测试运行仍用固定旧版本。,按模块定义的授权黄金样本,将断言转换为可复跑步骤并提交测试代码；观察模块期望行为及失败路径,组件新版本发布后旧业务测试运行仍用固定旧版本。,NOT_RUN,,,,
M21-AC04,M21,P3,删除被引用组件被阻止或按明确差异策略处理。,按模块定义的授权黄金样本,将断言转换为可复跑步骤并提交测试代码；观察模块期望行为及失败路径,删除被引用组件被阻止或按明确差异策略处理。,NOT_RUN,,,,
M21-AC05,M21,P3,纳入范围的外部工具特性有真实执行证据而不是仅展示按钮。,按模块定义的授权黄金样本,将断言转换为可复跑步骤并提交测试代码；观察模块期望行为及失败路径,纳入范围的外部工具特性有真实执行证据而不是仅展示按钮。,NOT_RUN,,,,
M22-AC01,M22,P2/P3,含外部实体的 BPMN/XML 文件被安全拒绝。,按模块定义的授权黄金样本,将断言转换为可复跑步骤并提交测试代码；观察模块期望行为及失败路径,含外部实体的 BPMN/XML 文件被安全拒绝。,NOT_RUN,,,,
M22-AC02,M22,P2/P3,不支持元素不会在导入后无提示消失。,按模块定义的授权黄金样本,将断言转换为可复跑步骤并提交测试代码；观察模块期望行为及失败路径,不支持元素不会在导入后无提示消失。,NOT_RUN,,,,
M22-AC03,M22,P2/P3,同一风险模型版本和输入得到同一评分。,按模块定义的授权黄金样本,将断言转换为可复跑步骤并提交测试代码；观察模块期望行为及失败路径,同一风险模型版本和输入得到同一评分。,NOT_RUN,,,,
M22-AC04,M22,P2/P3,被建议跳过的必测用例仍保留在发布闸门。,按模块定义的授权黄金样本,将断言转换为可复跑步骤并提交测试代码；观察模块期望行为及失败路径,被建议跳过的必测用例仍保留在发布闸门。,NOT_RUN,,,,
M22-AC05,M22,P2/P3,构建数据过旧时显示失效状态，不给出虚假的实时建议。,按模块定义的授权黄金样本,将断言转换为可复跑步骤并提交测试代码；观察模块期望行为及失败路径,构建数据过旧时显示失效状态，不给出虚假的实时建议。,NOT_RUN,,,,
M23-AC01,M23,P3,重复同步同一离线包不会重复生成运行和证据。,按模块定义的授权黄金样本,将断言转换为可复跑步骤并提交测试代码；观察模块期望行为及失败路径,重复同步同一离线包不会重复生成运行和证据。,NOT_RUN,,,,
M23-AC02,M23,P3,离线期间被撤权的用户不能在联网后直接写入旧结果。,按模块定义的授权黄金样本,将断言转换为可复跑步骤并提交测试代码；观察模块期望行为及失败路径,离线期间被撤权的用户不能在联网后直接写入旧结果。,NOT_RUN,,,,
M23-AC03,M23,P3,两台设备同时修改同一运行步骤产生冲突而非静默覆盖。,按模块定义的授权黄金样本,将断言转换为可复跑步骤并提交测试代码；观察模块期望行为及失败路径,两台设备同时修改同一运行步骤产生冲突而非静默覆盖。,NOT_RUN,,,,
M23-AC04,M23,P3,篡改包 manifest 或附件哈希会被拒绝。,按模块定义的授权黄金样本,将断言转换为可复跑步骤并提交测试代码；观察模块期望行为及失败路径,篡改包 manifest 或附件哈希会被拒绝。,NOT_RUN,,,,
M23-AC05,M23,P3,离线期满后禁止新执行，历史未同步证据可按隔离流程处理。,按模块定义的授权黄金样本,将断言转换为可复跑步骤并提交测试代码；观察模块期望行为及失败路径,离线期满后禁止新执行，历史未同步证据可按隔离流程处理。,NOT_RUN,,,,
M24-AC01,M24,P0/P3,空值、空字符串、日期和多选字段在两环境有相同约定行为。,按模块定义的授权黄金样本,将断言转换为可复跑步骤并提交测试代码；观察模块期望行为及失败路径,空值、空字符串、日期和多选字段在两环境有相同约定行为。,NOT_RUN,,,,
M24-AC02,M24,P0/P3,旧过滤表达式注入不能绕过项目隔离。,按模块定义的授权黄金样本,将断言转换为可复跑步骤并提交测试代码；观察模块期望行为及失败路径,旧过滤表达式注入不能绕过项目隔离。,NOT_RUN,,,,
M24-AC03,M24,P0/P3,分页连续读取没有漏项和重复项，排序稳定。,按模块定义的授权黄金样本,将断言转换为可复跑步骤并提交测试代码；观察模块期望行为及失败路径,分页连续读取没有漏项和重复项，排序稳定。,NOT_RUN,,,,
M24-AC04,M24,P0/P3,原调用程序认证、写入、附件及错误处理均通过。,按模块定义的授权黄金样本,将断言转换为可复跑步骤并提交测试代码；观察模块期望行为及失败路径,原调用程序认证、写入、附件及错误处理均通过。,NOT_RUN,,,,
M24-AC05,M24,P0/P3,未实现的旧接口返回明确不支持结果，不伪造成功。,按模块定义的授权黄金样本,将断言转换为可复跑步骤并提交测试代码；观察模块期望行为及失败路径,未实现的旧接口返回明确不支持结果，不伪造成功。,NOT_RUN,,,,
M25-AC01,M25,P0/P3,32 位和 64 位样本在对应环境可安装、枚举对象和释放连接。,按模块定义的授权黄金样本,将断言转换为可复跑步骤并提交测试代码；观察模块期望行为及失败路径,32 位和 64 位样本在对应环境可安装、枚举对象和释放连接。,NOT_RUN,,,,
M25-AC02,M25,P0/P3,原脚本的事件顺序、错误返回和字段写入副作用符合冻结契约。,按模块定义的授权黄金样本,将断言转换为可复跑步骤并提交测试代码；观察模块期望行为及失败路径,原脚本的事件顺序、错误返回和字段写入副作用符合冻结契约。,NOT_RUN,,,,
M25-AC03,M25,P0/P3,恶意脚本不能突破配置的进程及网络边界。,按模块定义的授权黄金样本,将断言转换为可复跑步骤并提交测试代码；观察模块期望行为及失败路径,恶意脚本不能突破配置的进程及网络边界。,NOT_RUN,,,,
M25-AC04,M25,P0/P3,兼容组件卸载后不破坏原厂客户端合法安装。,按模块定义的授权黄金样本,将断言转换为可复跑步骤并提交测试代码；观察模块期望行为及失败路径,兼容组件卸载后不破坏原厂客户端合法安装。,NOT_RUN,,,,
M25-AC05,M25,P0/P3,零修改兼容声明均有真实旧程序、版本和运行日志证据。,按模块定义的授权黄金样本,将断言转换为可复跑步骤并提交测试代码；观察模块期望行为及失败路径,零修改兼容声明均有真实旧程序、版本和运行日志证据。,NOT_RUN,,,,
M26-AC01,M26,P2/P3,签名后修改正文或附件会造成新版本，旧签名不被自动沿用。,按模块定义的授权黄金样本,将断言转换为可复跑步骤并提交测试代码；观察模块期望行为及失败路径,签名后修改正文或附件会造成新版本，旧签名不被自动沿用。,NOT_RUN,,,,
M26-AC02,M26,P2/P3,重放签名挑战被拒绝。,按模块定义的授权黄金样本,将断言转换为可复跑步骤并提交测试代码；观察模块期望行为及失败路径,重放签名挑战被拒绝。,NOT_RUN,,,,
M26-AC03,M26,P2/P3,管理员不能通过普通业务接口修改或删除审计历史。,按模块定义的授权黄金样本,将断言转换为可复跑步骤并提交测试代码；观察模块期望行为及失败路径,管理员不能通过普通业务接口修改或删除审计历史。,NOT_RUN,,,,
M26-AC04,M26,P2/P3,迁入签名显示原始来源与可验证程度，不伪装成本站原生签署。,按模块定义的授权黄金样本,将断言转换为可复跑步骤并提交测试代码；观察模块期望行为及失败路径,迁入签名显示原始来源与可验证程度，不伪装成本站原生签署。,NOT_RUN,,,,
M26-AC05,M26,P2/P3,证据包内容被篡改后校验失败，可定位受影响对象。,按模块定义的授权黄金样本,将断言转换为可复跑步骤并提交测试代码；观察模块期望行为及失败路径,证据包内容被篡改后校验失败，可定位受影响对象。,NOT_RUN,,,,
M27-AC01,M27,P3,未启用 AI 的项目不会发起模型调用。,按模块定义的授权黄金样本,将断言转换为可复跑步骤并提交测试代码；观察模块期望行为及失败路径,未启用 AI 的项目不会发起模型调用。,NOT_RUN,,,,
M27-AC02,M27,P3,恶意需求文本中的“忽略权限”指令不能获取其他项目数据。,按模块定义的授权黄金样本,将断言转换为可复跑步骤并提交测试代码；观察模块期望行为及失败路径,恶意需求文本中的“忽略权限”指令不能获取其他项目数据。,NOT_RUN,,,,
M27-AC03,M27,P3,生成内容只能进入草稿，不能直接批准发布或完成运行。,按模块定义的授权黄金样本,将断言转换为可复跑步骤并提交测试代码；观察模块期望行为及失败路径,生成内容只能进入草稿，不能直接批准发布或完成运行。,NOT_RUN,,,,
M27-AC04,M27,P3,预算耗尽或模型故障不影响原生业务流程。,按模块定义的授权黄金样本,将断言转换为可复跑步骤并提交测试代码；观察模块期望行为及失败路径,预算耗尽或模型故障不影响原生业务流程。,NOT_RUN,,,,
M27-AC05,M27,P3,评价集结果及人工复核记录随模型升级一并保存。,按模块定义的授权黄金样本,将断言转换为可复跑步骤并提交测试代码；观察模块期望行为及失败路径,评价集结果及人工复核记录随模型升级一并保存。,NOT_RUN,,,,
M28-AC01,M28,P2/P3,支持包中不出现明文密钥、令牌和未批准的业务附件。,按模块定义的授权黄金样本,将断言转换为可复跑步骤并提交测试代码；观察模块期望行为及失败路径,支持包中不出现明文密钥、令牌和未批准的业务附件。,NOT_RUN,,,,
M28-AC02,M28,P2/P3,高风险参数修改需要指定权限且可回溯。,按模块定义的授权黄金样本,将断言转换为可复跑步骤并提交测试代码；观察模块期望行为及失败路径,高风险参数修改需要指定权限且可回溯。,NOT_RUN,,,,
M28-AC03,M28,P2/P3,诊断重建任务中断后可恢复，不产生不一致索引。,按模块定义的授权黄金样本,将断言转换为可复跑步骤并提交测试代码；观察模块期望行为及失败路径,诊断重建任务中断后可恢复，不产生不一致索引。,NOT_RUN,,,,
M28-AC04,M28,P2/P3,并发授权按租约释放，崩溃会话不会永久占用额度。,按模块定义的授权黄金样本,将断言转换为可复跑步骤并提交测试代码；观察模块期望行为及失败路径,并发授权按租约释放，崩溃会话不会永久占用额度。,NOT_RUN,,,,
M28-AC05,M28,P2/P3,许可证故障不直接删除历史数据或审计证据。,按模块定义的授权黄金样本,将断言转换为可复跑步骤并提交测试代码；观察模块期望行为及失败路径,许可证故障不直接删除历史数据或审计证据。,NOT_RUN,,,,
M29-AC01,M29,P0/P1/P2/P3/P4,所有跨租户负向测试通过，无可接受的“已知越权”。,按模块定义的授权黄金样本,将断言转换为可复跑步骤并提交测试代码；观察模块期望行为及失败路径,所有跨租户负向测试通过，无可接受的“已知越权”。,NOT_RUN,,,,
M29-AC02,M29,P0/P1/P2/P3/P4,生产日志和支持包的密钥扫描无发现。,按模块定义的授权黄金样本,将断言转换为可复跑步骤并提交测试代码；观察模块期望行为及失败路径,生产日志和支持包的密钥扫描无发现。,NOT_RUN,,,,
M29-AC03,M29,P0/P1/P2/P3/P4,高危漏洞或过期风险例外阻止发布。,按模块定义的授权黄金样本,将断言转换为可复跑步骤并提交测试代码；观察模块期望行为及失败路径,高危漏洞或过期风险例外阻止发布。,NOT_RUN,,,,
M29-AC04,M29,P0/P1/P2/P3/P4,节点凭据泄露后可单独撤销且不会影响其他节点身份。,按模块定义的授权黄金样本,将断言转换为可复跑步骤并提交测试代码；观察模块期望行为及失败路径,节点凭据泄露后可单独撤销且不会影响其他节点身份。,NOT_RUN,,,,
M29-AC05,M29,P0/P1/P2/P3/P4,SBOM 与发布镜像摘要一致，能追溯依赖来源。,按模块定义的授权黄金样本,将断言转换为可复跑步骤并提交测试代码；观察模块期望行为及失败路径,SBOM 与发布镜像摘要一致，能追溯依赖来源。,NOT_RUN,,,,
M30-AC01,M30,P2/P4,指定数据和负载下生成完整分位延迟、错误及资源报告。,按模块定义的授权黄金样本,将断言转换为可复跑步骤并提交测试代码；观察模块期望行为及失败路径,指定数据和负载下生成完整分位延迟、错误及资源报告。,NOT_RUN,,,,
M30-AC02,M30,P2/P4,主应用实例退出时请求按目标恢复且不会重复业务写入。,按模块定义的授权黄金样本,将断言转换为可复跑步骤并提交测试代码；观察模块期望行为及失败路径,主应用实例退出时请求按目标恢复且不会重复业务写入。,NOT_RUN,,,,
M30-AC03,M30,P2/P4,随机抽取数据库与附件恢复后，基线和运行哈希校验一致。,按模块定义的授权黄金样本,将断言转换为可复跑步骤并提交测试代码；观察模块期望行为及失败路径,随机抽取数据库与附件恢复后，基线和运行哈希校验一致。,NOT_RUN,,,,
M30-AC04,M30,P2/P4,升级回退不会丢失升级后新增记录或隐藏数据不兼容。,按模块定义的授权黄金样本,将断言转换为可复跑步骤并提交测试代码；观察模块期望行为及失败路径,升级回退不会丢失升级后新增记录或隐藏数据不兼容。,NOT_RUN,,,,
M30-AC05,M30,P2/P4,连续运行测试无持续内存增长、租约泄漏和无法恢复的队列堆积。,按模块定义的授权黄金样本,将断言转换为可复跑步骤并提交测试代码；观察模块期望行为及失败路径,连续运行测试无持续内存增长、租约泄漏和无法恢复的队列堆积。,NOT_RUN,,,,
M31-AC01,M31,P1/P2/P4,各角色在真实试点环境独立完成规定流程。,按模块定义的授权黄金样本,将断言转换为可复跑步骤并提交测试代码；观察模块期望行为及失败路径,各角色在真实试点环境独立完成规定流程。,NOT_RUN,,,,
M31-AC02,M31,P1/P2/P4,UAT 失败用例均有关联缺陷和重新验证证据。,按模块定义的授权黄金样本,将断言转换为可复跑步骤并提交测试代码；观察模块期望行为及失败路径,UAT 失败用例均有关联缺陷和重新验证证据。,NOT_RUN,,,,
M31-AC03,M31,P1/P2/P4,上线审批具备恢复演练、迁移对账及安全结论。,按模块定义的授权黄金样本,将断言转换为可复跑步骤并提交测试代码；观察模块期望行为及失败路径,上线审批具备恢复演练、迁移对账及安全结论。,NOT_RUN,,,,
M31-AC04,M31,P1/P2/P4,已知差异由业务验收人签署并明确对全量声明的影响。,按模块定义的授权黄金样本,将断言转换为可复跑步骤并提交测试代码；观察模块期望行为及失败路径,已知差异由业务验收人签署并明确对全量声明的影响。,NOT_RUN,,,,
M31-AC05,M31,P1/P2/P4,运维接手后能够独立备份、恢复、定位告警和轮换凭据。,按模块定义的授权黄金样本,将断言转换为可复跑步骤并提交测试代码；观察模块期望行为及失败路径,运维接手后能够独立备份、恢复、定位告警和轮换凭据。,NOT_RUN,,,,
M32-AC01,M32,P4,全部 MUST 项的证据链接存在且对应实际版本。,按模块定义的授权黄金样本,将断言转换为可复跑步骤并提交测试代码；观察模块期望行为及失败路径,全部 MUST 项的证据链接存在且对应实际版本。,NOT_RUN,,,,
M32-AC02,M32,P4,任一关键范围项标为未验收时，全量验收脚本必须失败。,按模块定义的授权黄金样本,将断言转换为可复跑步骤并提交测试代码；观察模块期望行为及失败路径,任一关键范围项标为未验收时，全量验收脚本必须失败。,NOT_RUN,,,,
M32-AC03,M32,P4,发行包可由独立环境重建并匹配构建清单。,按模块定义的授权黄金样本,将断言转换为可复跑步骤并提交测试代码；观察模块期望行为及失败路径,发行包可由独立环境重建并匹配构建清单。,NOT_RUN,,,,
M32-AC04,M32,P4,新客户定制没有未经审批进入已冻结全量版本。,按模块定义的授权黄金样本,将断言转换为可复跑步骤并提交测试代码；观察模块期望行为及失败路径,新客户定制没有未经审批进入已冻结全量版本。,NOT_RUN,,,,
M32-AC05,M32,P4,维护计划明确人员、预算、升级频率和目标产品兼容矩阵。,按模块定义的授权黄金样本,将断言转换为可复跑步骤并提交测试代码；观察模块期望行为及失败路径,维护计划明确人员、预算、升级频率和目标产品兼容矩阵。,NOT_RUN,,,,
