scope_id,module_id,target_behavior,basis,classification,priority,phase,work_package,acceptance_ids,target_version,approval,status,evidence
SC-M01-01,M01,建立合法可访问的目标环境；登记版本、补丁、Edition、扩展、客户端位数、数据库、认证方式、项目数量。以截图及授权记录保存原始证据，不把 26.1 参考文档等同于客户的真实环境。,R01、R02、R03、R04,INITIAL_ENGINEERING_SCOPE,MUST_CANDIDATE_PENDING_G0,P0,M01-T01,M01-AC01;M01-AC02;M01-AC03;M01-AC04;M01-AC05,UNCONFIRMED,NOT_APPROVED,PLANNED,
SC-M01-02,M01,逐模块录制正常、权限、错误、批量和历史行为；将菜单、字段、导入导出、站点管理及插件分别映射到 scope-matrix.csv。每个差异记录来源、业务影响和验收人。,R01、R02、R03、R04,INITIAL_ENGINEERING_SCOPE,MUST_CANDIDATE_PENDING_G0,P0,M01-T02,M01-AC01;M01-AC02;M01-AC03;M01-AC04;M01-AC05,UNCONFIRMED,NOT_APPROVED,PLANNED,
SC-M01-03,M01,选取普通、强定制、大数据量三个脱敏项目；提取元数据、关系、附件、运行历史与签名来源，制作 golden-dataset 清单和哈希，不使用未经授权的生产数据。,R01、R02、R03、R04,INITIAL_ENGINEERING_SCOPE,MUST_CANDIDATE_PENDING_G0,P0,M01-T03,M01-AC01;M01-AC02;M01-AC03;M01-AC04;M01-AC05,UNCONFIRMED,NOT_APPROVED,PLANNED,
SC-M01-04,M01,抽样验证 10 个 REST 调用、3 个 OTA 程序、3 段 VBScript、1 个基线以及 1 个离线包；在新平台概念验证中保存请求、事件序列、结果和不支持项。数字是首轮建议，不是完整覆盖。,R01、R02、R03、R04,INITIAL_ENGINEERING_SCOPE,MUST_CANDIDATE_PENDING_G0,P0,M01-T04,M01-AC01;M01-AC02;M01-AC03;M01-AC04;M01-AC05,UNCONFIRMED,NOT_APPROVED,PLANNED,
SC-M01-05,M01,将兼容声明拆为业务等价、数据迁移、REST、OTA/COM、脚本、原客户端七类；逐类冻结版本矩阵。未验证项维持 OPEN，不因为主流程演示通过而关闭。,R01、R02、R03、R04,INITIAL_ENGINEERING_SCOPE,MUST_CANDIDATE_PENDING_G0,P0,M01-T05,M01-AC01;M01-AC02;M01-AC03;M01-AC04;M01-AC05,UNCONFIRMED,NOT_APPROVED,PLANNED,
SC-M01-06,M01,召开 G0 评审：批准范围版本、预算假设、架构 ADR、样本授权及风险处理。P0 无法消除的兼容风险调整计划并保留在最终闸门，不静默删掉全量目标。,R01、R02、R03、R04,INITIAL_ENGINEERING_SCOPE,MUST_CANDIDATE_PENDING_G0,P0,M01-T06,M01-AC01;M01-AC02;M01-AC03;M01-AC04;M01-AC05,UNCONFIRMED,NOT_APPROVED,PLANNED,
SC-M02-01,M02,建立 apps/web、apps/server、apps/worker、agents、compat、contracts、db/migration 和 tests 目录；按领域包划分后端，禁止模块互相直接读写内部仓储。本文档仓库还没有这些业务实现。,R05、R06、R07,INITIAL_ENGINEERING_SCOPE,MUST_CANDIDATE_PENDING_G0,P0/P1,M02-T01,M02-AC01;M02-AC02;M02-AC03;M02-AC04;M02-AC05,UNCONFIRMED,NOT_APPROVED,PLANNED,
SC-M02-02,M02,锁定 Java 21、经过兼容测试的 Spring Boot 4.1.x、Node 24 LTS、React/TypeScript 和 PostgreSQL 17 补丁版本；提交 Maven Wrapper、前端锁文件和镜像摘要。先验证依赖再冻结，不在生产使用 latest。,R05、R06、R07,INITIAL_ENGINEERING_SCOPE,MUST_CANDIDATE_PENDING_G0,P0/P1,M02-T02,M02-AC01;M02-AC02;M02-AC03;M02-AC04;M02-AC05,UNCONFIRMED,NOT_APPROVED,PLANNED,
SC-M02-03,M02,生成后端健康检查和前端空工作台；加入格式化、类型检查、单元测试、迁移测试、契约测试。数据库仅允许 Flyway 迁移，禁止运行时自动更新生产结构。,R05、R06、R07,INITIAL_ENGINEERING_SCOPE,MUST_CANDIDATE_PENDING_G0,P0/P1,M02-T03,M02-AC01;M02-AC02;M02-AC03;M02-AC04;M02-AC05,UNCONFIRMED,NOT_APPROVED,PLANNED,
SC-M02-04,M02,本地通过 Compose 启动数据库、身份提供方和对象存储；所有服务绑定回环地址，密码由本地 .env 注入，生产凭据不进入仓库。,R05、R06、R07,INITIAL_ENGINEERING_SCOPE,MUST_CANDIDATE_PENDING_G0,P0/P1,M02-T04,M02-AC01;M02-AC02;M02-AC03;M02-AC04;M02-AC05,UNCONFIRMED,NOT_APPROVED,PLANNED,
SC-M02-05,M02,CI 顺序为静态检查、单测、集成、契约、构建、依赖扫描与 SBOM；PR 检查不授予生产密钥，发布环境单独人工批准。保护分支和权限配置需要管理员执行，不能只创建 YAML 后宣称生效。,R05、R06、R07,INITIAL_ENGINEERING_SCOPE,MUST_CANDIDATE_PENDING_G0,P0/P1,M02-T05,M02-AC01;M02-AC02;M02-AC03;M02-AC04;M02-AC05,UNCONFIRMED,NOT_APPROVED,PLANNED,
SC-M02-06,M02,从空机器复现构建与回滚；归档软件清单、构建 SHA、镜像摘要和数据库版本。把“应用可启动”与“业务可用”的验收分开。,R05、R06、R07,INITIAL_ENGINEERING_SCOPE,MUST_CANDIDATE_PENDING_G0,P0/P1,M02-T06,M02-AC01;M02-AC02;M02-AC03;M02-AC04;M02-AC05,UNCONFIRMED,NOT_APPROVED,PLANNED,
SC-M03-01,M03,设计 tenant-domain-project 层次；所有业务实体携带租户及项目，成员关系保存授权版本。站点管理员只管理站点，是否可读取项目数据通过独立权限决定。,R08、R09,INITIAL_ENGINEERING_SCOPE,MUST_CANDIDATE_PENDING_G0,P1,M03-T01,M03-AC01;M03-AC02;M03-AC03;M03-AC04;M03-AC05,UNCONFIRMED,NOT_APPROVED,PLANNED,
SC-M03-02,M03,采用身份代理接入 OIDC，后续桥接 SAML、LDAP/AD；浏览器采用 BFF 会话和 HttpOnly Cookie，校验 CSRF；机器接口使用限范围令牌，不把 ID token 当 API access token。,R08、R09,INITIAL_ENGINEERING_SCOPE,MUST_CANDIDATE_PENDING_G0,P1,M03-T02,M03-AC01;M03-AC02;M03-AC03;M03-AC04;M03-AC05,UNCONFIRMED,NOT_APPROVED,PLANNED,
SC-M03-03,M03,建立项目角色与 action 权限矩阵；服务端每次校验主体、项目、资源和字段权限；后台任务及附件下载也必须携带受限服务主体。,R08、R09,INITIAL_ENGINEERING_SCOPE,MUST_CANDIDATE_PENDING_G0,P1,M03-T03,M03-AC01;M03-AC02;M03-AC03;M03-AC04;M03-AC05,UNCONFIRMED,NOT_APPROVED,PLANNED,
SC-M03-04,M03,增加数据库 RLS 防线：应用使用非 owner、非 superuser、无 BYPASSRLS 角色；事务中设置已验证上下文，连接归还时清理。迁移账户独立保存。RLS 不替代业务授权。,R08、R09,INITIAL_ENGINEERING_SCOPE,MUST_CANDIDATE_PENDING_G0,P1,M03-T04,M03-AC01;M03-AC02;M03-AC03;M03-AC04;M03-AC05,UNCONFIRMED,NOT_APPROVED,PLANNED,
SC-M03-05,M03,实现项目创建、暂停、归档、复制与成员离职回收；复制不能带走旧密钥、会话或多余权限；暂停项目禁止新写入但按政策允许读取证据。,R08、R09,INITIAL_ENGINEERING_SCOPE,MUST_CANDIDATE_PENDING_G0,P1,M03-T05,M03-AC01;M03-AC02;M03-AC03;M03-AC04;M03-AC05,UNCONFIRMED,NOT_APPROVED,PLANNED,
SC-M03-06,M03,补齐会话撤销、令牌轮换、MFA 管理及紧急账号流程；跨项目分析按授权项目集合查询，禁止管理员前端隐藏而后台全量返回。,R08、R09,INITIAL_ENGINEERING_SCOPE,MUST_CANDIDATE_PENDING_G0,P1,M03-T06,M03-AC01;M03-AC02;M03-AC03;M03-AC04;M03-AC05,UNCONFIRMED,NOT_APPROVED,PLANNED,
SC-M04-01,M04,区分系统字段与自定义字段；字段定义包括类型、长度、精度、必填、默认值、选项、可见角色、实体种类与版本，不允许用户字段覆盖保留字段名。,原创工程设计；以 P0 实机盘点为准,INITIAL_ENGINEERING_SCOPE,MUST_CANDIDATE_PENDING_G0,P1/P2,M04-T01,M04-AC01;M04-AC02;M04-AC03;M04-AC04;M04-AC05,UNCONFIRMED,NOT_APPROVED,PLANNED,
SC-M04-02,M04,将类型校验写入共享服务，所有页面、API、导入、同步和脚本复用；扩展值采用 JSONB，重要索引通过受控数据库迁移增加。,原创工程设计；以 P0 实机盘点为准,INITIAL_ENGINEERING_SCOPE,MUST_CANDIDATE_PENDING_G0,P1/P2,M04-T02,M04-AC01;M04-AC02;M04-AC03;M04-AC04;M04-AC05,UNCONFIRMED,NOT_APPROVED,PLANNED,
SC-M04-03,M04,实现选项层级、级联列表与废弃选项；已有记录保留历史标签或选项版本，不因重命名让历史报告失去含义。,原创工程设计；以 P0 实机盘点为准,INITIAL_ENGINEERING_SCOPE,MUST_CANDIDATE_PENDING_G0,P1/P2,M04-T03,M04-AC01;M04-AC02;M04-AC03;M04-AC04;M04-AC05,UNCONFIRMED,NOT_APPROVED,PLANNED,
SC-M04-04,M04,实现声明式表单布局及字段级脱敏；富文本净化同时在写入与展示边界执行，附件链接不能注入脚本。,原创工程设计；以 P0 实机盘点为准,INITIAL_ENGINEERING_SCOPE,MUST_CANDIDATE_PENDING_G0,P1/P2,M04-T04,M04-AC01;M04-AC02;M04-AC03;M04-AC04;M04-AC05,UNCONFIRMED,NOT_APPROVED,PLANNED,
SC-M04-05,M04,查询使用类型化 AST 和参数绑定，限制嵌套、查询时间、返回行数和允许排序字段；禁止向普通用户暴露 SQL 编辑器。,原创工程设计；以 P0 实机盘点为准,INITIAL_ENGINEERING_SCOPE,MUST_CANDIDATE_PENDING_G0,P1/P2,M04-T05,M04-AC01;M04-AC02;M04-AC03;M04-AC04;M04-AC05,UNCONFIRMED,NOT_APPROVED,PLANNED,
SC-M04-06,M04,字段变更先预检数据，分批回填后切换 schema_revision；失败时保留旧版本。保存的过滤器在字段停用时给出可修复错误而不是悄悄改义。,原创工程设计；以 P0 实机盘点为准,INITIAL_ENGINEERING_SCOPE,MUST_CANDIDATE_PENDING_G0,P1/P2,M04-T06,M04-AC01;M04-AC02;M04-AC03;M04-AC04;M04-AC05,UNCONFIRMED,NOT_APPROVED,PLANNED,
SC-M05-01,M05,创建带状态的上传会话，校验大小、配额、扩展名和实际内容类型；对象路径由服务端生成，不使用客户文件名拼接存储路径。,原创工程设计；以 P0 实机盘点为准,INITIAL_ENGINEERING_SCOPE,MUST_CANDIDATE_PENDING_G0,P1/P2,M05-T01,M05-AC01;M05-AC02;M05-AC03;M05-AC04;M05-AC05,UNCONFIRMED,NOT_APPROVED,PLANNED,
SC-M05-02,M05,采用隔离区上传、哈希校验、恶意文件扫描、可用区发布四步；扫描失败或超时的资源不得被测试执行节点下载。,原创工程设计；以 P0 实机盘点为准,INITIAL_ENGINEERING_SCOPE,MUST_CANDIDATE_PENDING_G0,P1/P2,M05-T02,M05-AC01;M05-AC02;M05-AC03;M05-AC04;M05-AC05,UNCONFIRMED,NOT_APPROVED,PLANNED,
SC-M05-03,M05,资产身份与文件版本分离；版本绑定大小、SHA-256、对象版本 ID、来源、创建人和保留期限，基线与运行只引用确定版本。,原创工程设计；以 P0 实机盘点为准,INITIAL_ENGINEERING_SCOPE,MUST_CANDIDATE_PENDING_G0,P1/P2,M05-T03,M05-AC01;M05-AC02;M05-AC03;M05-AC04;M05-AC05,UNCONFIRMED,NOT_APPROVED,PLANNED,
SC-M05-04,M05,按主体和资源权限发放短时下载凭证；严格保密场景经代理下载并检查撤权，不承诺已发出的预签名 URL 能即时撤销。,原创工程设计；以 P0 实机盘点为准,INITIAL_ENGINEERING_SCOPE,MUST_CANDIDATE_PENDING_G0,P1/P2,M05-T04,M05-AC01;M05-AC02;M05-AC03;M05-AC04;M05-AC05,UNCONFIRMED,NOT_APPROVED,PLANNED,
SC-M05-05,M05,实现分片续传、同租户去重和配额统计；不得以跨租户哈希命中向用户泄露其他租户持有的文件。,原创工程设计；以 P0 实机盘点为准,INITIAL_ENGINEERING_SCOPE,MUST_CANDIDATE_PENDING_G0,P1/P2,M05-T05,M05-AC01;M05-AC02;M05-AC03;M05-AC04;M05-AC05,UNCONFIRMED,NOT_APPROVED,PLANNED,
SC-M05-06,M05,设计两阶段删除：逻辑删除后检查基线、运行、签名和保留锁引用，达到策略后再垃圾回收；备份验证同时覆盖对象和数据库清单。,原创工程设计；以 P0 实机盘点为准,INITIAL_ENGINEERING_SCOPE,MUST_CANDIDATE_PENDING_G0,P1/P2,M05-T06,M05-AC01;M05-AC02;M05-AC03;M05-AC04;M05-AC05,UNCONFIRMED,NOT_APPROVED,PLANNED,
SC-M06-01,M06,实现发布与周期树、日期边界、负责人、标签；关联使用 ID，不用显示名称当主键，归档后禁止重新解释历史范围。,R10；高级规划能力按 R01 及实机盘点,INITIAL_ENGINEERING_SCOPE,MUST_CANDIDATE_PENDING_G0,P1/P2,M06-T01,M06-AC01;M06-AC02;M06-AC03;M06-AC04;M06-AC05,UNCONFIRMED,NOT_APPROVED,PLANNED,
SC-M06-02,M06,建立发布范围表，显式关联需求、计划测试实例和构建；同一资产参与多个周期时分别保存作用域。,R10；高级规划能力按 R01 及实机盘点,INITIAL_ENGINEERING_SCOPE,MUST_CANDIDATE_PENDING_G0,P1/P2,M06-T02,M06-AC01;M06-AC02;M06-AC03;M06-AC04;M06-AC05,UNCONFIRMED,NOT_APPROVED,PLANNED,
SC-M06-03,M06,设计里程碑目标，包括需求覆盖、已执行比例、有效通过比例和未关闭缺陷；每个指标保存分子分母、过滤条件与口径版本。,R10；高级规划能力按 R01 及实机盘点,INITIAL_ENGINEERING_SCOPE,MUST_CANDIDATE_PENDING_G0,P1/P2,M06-T03,M06-AC01;M06-AC02;M06-AC03;M06-AC04;M06-AC05,UNCONFIRMED,NOT_APPROVED,PLANNED,
SC-M06-04,M06,实现范围变更申请与影响预览；增加或移除需求不能直接重写已经签批的规划快照。,R10；高级规划能力按 R01 及实机盘点,INITIAL_ENGINEERING_SCOPE,MUST_CANDIDATE_PENDING_G0,P1/P2,M06-T04,M06-AC01;M06-AC02;M06-AC03;M06-AC04;M06-AC05,UNCONFIRMED,NOT_APPROVED,PLANNED,
SC-M06-05,M06,实现项目规划看板、延期预警及计划对比；日期以用户时区展示，以 UTC 保存事件时间，业务日期单独存 date。,R10；高级规划能力按 R01 及实机盘点,INITIAL_ENGINEERING_SCOPE,MUST_CANDIDATE_PENDING_G0,P1/P2,M06-T05,M06-AC01;M06-AC02;M06-AC03;M06-AC04;M06-AC05,UNCONFIRMED,NOT_APPROVED,PLANNED,
SC-M06-06,M06,生成里程碑评估快照和审批证据；阻塞项显示原始数据链接，禁止以平均分掩盖关键缺陷。,R10；高级规划能力按 R01 及实机盘点,INITIAL_ENGINEERING_SCOPE,MUST_CANDIDATE_PENDING_G0,P1/P2,M06-T06,M06-AC01;M06-AC02;M06-AC03;M06-AC04;M06-AC05,UNCONFIRMED,NOT_APPROVED,PLANNED,
SC-M07-01,M07,创建需求稳定 ID、显示编号与不可变修订表；目录使用 parent_id 和受控移动操作，检测循环和跨项目挂接。,R10、R03,INITIAL_ENGINEERING_SCOPE,MUST_CANDIDATE_PENDING_G0,P1,M07-T01,M07-AC01;M07-AC02;M07-AC03;M07-AC04;M07-AC05,UNCONFIRMED,NOT_APPROVED,PLANNED,
SC-M07-02,M07,实现需求类型、富文本、附件、优先级、业务风险和负责人的表单及批量编辑；批量编辑返回每项成功或失败而非假装全成功。,R10、R03,INITIAL_ENGINEERING_SCOPE,MUST_CANDIDATE_PENDING_G0,P1,M07-T02,M07-AC01;M07-AC02;M07-AC03;M07-AC04;M07-AC05,UNCONFIRMED,NOT_APPROVED,PLANNED,
SC-M07-03,M07,所有变更校验 If-Match 版本；保存时同时写当前指针、修订、审计与 outbox，失败时整体回滚。,R10、R03,INITIAL_ENGINEERING_SCOPE,MUST_CANDIDATE_PENDING_G0,P1,M07-T03,M07-AC01;M07-AC02;M07-AC03;M07-AC04;M07-AC05,UNCONFIRMED,NOT_APPROVED,PLANNED,
SC-M07-04,M07,实现评审发起、意见、返工、批准与变更后重评；评审绑定修订而非永远指向最新内容。,R10、R03,INITIAL_ENGINEERING_SCOPE,MUST_CANDIDATE_PENDING_G0,P1,M07-T04,M07-AC01;M07-AC02;M07-AC03;M07-AC04;M07-AC05,UNCONFIRMED,NOT_APPROVED,PLANNED,
SC-M07-05,M07,接入覆盖关系和需求间追踪；内容变化按版本差异标记受影响关系可疑，不自动宣布所有已关联测试已验证新需求。,R10、R03,INITIAL_ENGINEERING_SCOPE,MUST_CANDIDATE_PENDING_G0,P1,M07-T05,M07-AC01;M07-AC02;M07-AC03;M07-AC04;M07-AC05,UNCONFIRMED,NOT_APPROVED,PLANNED,
SC-M07-06,M07,完成树懒加载、快速搜索、批量导入和 Excel 导出；大任务异步执行并校验下载者当时权限。,R10、R03,INITIAL_ENGINEERING_SCOPE,MUST_CANDIDATE_PENDING_G0,P1,M07-T06,M07-AC01;M07-AC02;M07-AC03;M07-AC04;M07-AC05,UNCONFIRMED,NOT_APPROVED,PLANNED,
SC-M08-01,M08,拆分测试身份、修订、步骤与参数；步骤使用稳定 step_key 和顺序值，不以数组下标标识历史步骤。,R10、R03,INITIAL_ENGINEERING_SCOPE,MUST_CANDIDATE_PENDING_G0,P1/P2,M08-T01,M08-AC01;M08-AC02;M08-AC03;M08-AC04;M08-AC05,UNCONFIRMED,NOT_APPROVED,PLANNED,
SC-M08-02,M08,实现步骤编辑、拖拽排序、预期结果、资源关联、复制和批量维护；复制生成新身份并记录来源，不共享可变步骤。,R10、R03,INITIAL_ENGINEERING_SCOPE,MUST_CANDIDATE_PENDING_G0,P1/P2,M08-T02,M08-AC01;M08-AC02;M08-AC03;M08-AC04;M08-AC05,UNCONFIRMED,NOT_APPROVED,PLANNED,
SC-M08-03,M08,实现测试配置与数据集，采用显式的参数优先级：实例覆盖、配置值、用例默认；敏感参数保存密钥引用而非明文。,R10、R03,INITIAL_ENGINEERING_SCOPE,MUST_CANDIDATE_PENDING_G0,P1/P2,M08-T03,M08-AC01;M08-AC02;M08-AC03;M08-AC04;M08-AC05,UNCONFIRMED,NOT_APPROVED,PLANNED,
SC-M08-04,M08,支持被调用测试及参数映射；保存与执行前同时检查依赖图循环、缺失参数和版本约束；限制递归深度。,R10、R03,INITIAL_ENGINEERING_SCOPE,MUST_CANDIDATE_PENDING_G0,P1/P2,M08-T04,M08-AC01;M08-AC02;M08-AC03;M08-AC04;M08-AC05,UNCONFIRMED,NOT_APPROVED,PLANNED,
SC-M08-05,M08,实现版本差异、检出锁与发布修订；锁只保护编辑流程，不能替代数据库乐观并发控制。,R10、R03,INITIAL_ENGINEERING_SCOPE,MUST_CANDIDATE_PENDING_G0,P1/P2,M08-T05,M08-AC01;M08-AC02;M08-AC03;M08-AC04;M08-AC05,UNCONFIRMED,NOT_APPROVED,PLANNED,
SC-M08-06,M08,向执行系统输出 ExecutionManifest，固定测试修订、展开后的步骤、配置快照和资产哈希；历史运行不再读取最新用例。,R10、R03,INITIAL_ENGINEERING_SCOPE,MUST_CANDIDATE_PENDING_G0,P1/P2,M08-T06,M08-AC01;M08-AC02;M08-AC03;M08-AC04;M08-AC05,UNCONFIRMED,NOT_APPROVED,PLANNED,
SC-M09-01,M09,建立测试集目录与测试实例，实例引用用例修订策略、配置、负责人、顺序和周期；禁止将结果只写回用例。,R10,INITIAL_ENGINEERING_SCOPE,MUST_CANDIDATE_PENDING_G0,P1,M09-T01,M09-AC01;M09-AC02;M09-AC03;M09-AC04;M09-AC05,UNCONFIRMED,NOT_APPROVED,PLANNED,
SC-M09-02,M09,启动运行前解析并保存不可变 manifest；同时冻结字段 schema 与流程版本，用于解释当时的校验和状态。,R10,INITIAL_ENGINEERING_SCOPE,MUST_CANDIDATE_PENDING_G0,P1,M09-T02,M09-AC01;M09-AC02;M09-AC03;M09-AC04;M09-AC05,UNCONFIRMED,NOT_APPROVED,PLANNED,
SC-M09-03,M09,实现逐步执行、实际结果、证据上传、暂停、继续和缺陷创建；手工运行的操作以事件或增量版本保存，断网时明确提示未同步。,R10,INITIAL_ENGINEERING_SCOPE,MUST_CANDIDATE_PENDING_G0,P1,M09-T03,M09-AC01;M09-AC02;M09-AC03;M09-AC04;M09-AC05,UNCONFIRMED,NOT_APPROVED,PLANNED,
SC-M09-04,M09,将执行状态与业务结论拆开：QUEUED/RUNNING/FINISHED 等是执行状态，PASS/FAIL/BLOCKED 等是测试结论，基础设施错误另有分类。,R10,INITIAL_ENGINEERING_SCOPE,MUST_CANDIDATE_PENDING_G0,P1,M09-T04,M09-AC01;M09-AC02;M09-AC03;M09-AC04;M09-AC05,UNCONFIRMED,NOT_APPROVED,PLANNED,
SC-M09-05,M09,重跑创建新 RunAttempt；测试实例的“最新结果”是带规则的投影，不能删除之前失败尝试；完成运行后更正走追加记录和审核。,R10,INITIAL_ENGINEERING_SCOPE,MUST_CANDIDATE_PENDING_G0,P1,M09-T05,M09-AC01;M09-AC02;M09-AC03;M09-AC04;M09-AC05,UNCONFIRMED,NOT_APPROVED,PLANNED,
SC-M09-06,M09,实现测试集汇总、运行详情及审计导出；统计区分未执行、执行中、阻塞和失败，提供稳定的实例及尝试分母。,R10,INITIAL_ENGINEERING_SCOPE,MUST_CANDIDATE_PENDING_G0,P1,M09-T06,M09-AC01;M09-AC02;M09-AC03;M09-AC04;M09-AC05,UNCONFIRMED,NOT_APPROVED,PLANNED,
SC-M10-01,M10,实现缺陷编号、标题、严重度、优先级、复现步骤、环境、检测及修复版本；状态枚举配置化，但转换由服务端状态机校验。,R10,INITIAL_ENGINEERING_SCOPE,MUST_CANDIDATE_PENDING_G0,P1,M10-T01,M10-AC01;M10-AC02;M10-AC03;M10-AC04;M10-AC05,UNCONFIRMED,NOT_APPROVED,PLANNED,
SC-M10-02,M10,从运行步骤创建缺陷时绑定原始运行、步骤和证据版本；创建与关联使用同一幂等事务，避免网络重试重复提单。,R10,INITIAL_ENGINEERING_SCOPE,MUST_CANDIDATE_PENDING_G0,P1,M10-T02,M10-AC01;M10-AC02;M10-AC03;M10-AC04;M10-AC05,UNCONFIRMED,NOT_APPROVED,PLANNED,
SC-M10-03,M10,实现分派、修复、待验证、关闭和重新打开；关闭条件可以要求复测证据，废弃和重复缺陷使用独立理由。,R10,INITIAL_ENGINEERING_SCOPE,MUST_CANDIDATE_PENDING_G0,P1,M10-T03,M10-AC01;M10-AC02;M10-AC03;M10-AC04;M10-AC05,UNCONFIRMED,NOT_APPROVED,PLANNED,
SC-M10-04,M10,评论、关注和通知经过权限与内容净化；评论删除采用可审计策略，敏感信息更正另行授权，不能默默抹除历史。,R10,INITIAL_ENGINEERING_SCOPE,MUST_CANDIDATE_PENDING_G0,P1,M10-T04,M10-AC01;M10-AC02;M10-AC03;M10-AC04;M10-AC05,UNCONFIRMED,NOT_APPROVED,PLANNED,
SC-M10-05,M10,实现看板、批量操作、相似缺陷提示及跨项目共享入口；共享以授权副本或明确联邦关系实现，不开放源项目全部数据。,R10,INITIAL_ENGINEERING_SCOPE,MUST_CANDIDATE_PENDING_G0,P1,M10-T05,M10-AC01;M10-AC02;M10-AC03;M10-AC04;M10-AC05,UNCONFIRMED,NOT_APPROVED,PLANNED,
SC-M10-06,M10,建立缺陷年龄、重开率和关闭趋势等口径；明确重复缺陷、时区、状态暂停区间是否纳入，报表附可追溯列表。,R10,INITIAL_ENGINEERING_SCOPE,MUST_CANDIDATE_PENDING_G0,P1,M10-T06,M10-AC01;M10-AC02;M10-AC03;M10-AC04;M10-AC05,UNCONFIRMED,NOT_APPROVED,PLANNED,
SC-M11-01,M11,所有可追踪对象注册到实体身份表；关系端点校验项目、类型、有效状态和权限，不使用无法校验的随意字符串。,原创工程设计；以 P0 实机盘点为准,INITIAL_ENGINEERING_SCOPE,MUST_CANDIDATE_PENDING_G0,P1/P2,M11-T01,M11-AC01;M11-AC02;M11-AC03;M11-AC04;M11-AC05,UNCONFIRMED,NOT_APPROVED,PLANNED,
SC-M11-02,M11,定义需求到需求、需求到测试、运行到缺陷等有向关系；区分“关联存在”和“最新需求已验证”的业务语义。,原创工程设计；以 P0 实机盘点为准,INITIAL_ENGINEERING_SCOPE,MUST_CANDIDATE_PENDING_G0,P1/P2,M11-T02,M11-AC01;M11-AC02;M11-AC03;M11-AC04;M11-AC05,UNCONFIRMED,NOT_APPROVED,PLANNED,
SC-M11-03,M11,记录关系修订及端点修订；变更影响通过 outbox 投影计算，写入 suspect 状态及原因，用户确认记录确认的版本。,原创工程设计；以 P0 实机盘点为准,INITIAL_ENGINEERING_SCOPE,MUST_CANDIDATE_PENDING_G0,P1/P2,M11-T03,M11-AC01;M11-AC02;M11-AC03;M11-AC04;M11-AC05,UNCONFIRMED,NOT_APPROVED,PLANNED,
SC-M11-04,M11,实现覆盖矩阵和影响图，提供分页、深度和节点数量限制；大型图展示摘要与筛选，不能一次向浏览器返回全库。,原创工程设计；以 P0 实机盘点为准,INITIAL_ENGINEERING_SCOPE,MUST_CANDIDATE_PENDING_G0,P1/P2,M11-T04,M11-AC01;M11-AC02;M11-AC03;M11-AC04;M11-AC05,UNCONFIRMED,NOT_APPROVED,PLANNED,
SC-M11-05,M11,维护关系完整性巡检与修复队列；资产归档时关系转为历史状态，禁止物理级联删除已经用于审计的链路。,原创工程设计；以 P0 实机盘点为准,INITIAL_ENGINEERING_SCOPE,MUST_CANDIDATE_PENDING_G0,P1/P2,M11-T05,M11-AC01;M11-AC02;M11-AC03;M11-AC04;M11-AC05,UNCONFIRMED,NOT_APPROVED,PLANNED,
SC-M11-06,M11,冻结需求覆盖、设计覆盖、执行覆盖和通过覆盖四种口径，按周期或基线筛选；投影延迟需要展示 watermark。,原创工程设计；以 P0 实机盘点为准,INITIAL_ENGINEERING_SCOPE,MUST_CANDIDATE_PENDING_G0,P1/P2,M11-T06,M11-AC01;M11-AC02;M11-AC03;M11-AC04;M11-AC05,UNCONFIRMED,NOT_APPROVED,PLANNED,
SC-M12-01,M12,先定义导入映射、预览和验证阶段，再执行批次提交；逐行报告原始行号、错误码和修复建议；重复上传使用业务键或显式创建模式。,原创工程设计；以 P0 实机盘点为准,INITIAL_ENGINEERING_SCOPE,MUST_CANDIDATE_PENDING_G0,P1/P2,M12-T01,M12-AC01;M12-AC02;M12-AC03;M12-AC04;M12-AC05,UNCONFIRMED,NOT_APPROVED,PLANNED,
SC-M12-02,M12,导出任务保存筛选条件、数据快照和权限范围；下载时再校验权限，过期文件删除；CSV/Excel 防公式注入。,原创工程设计；以 P0 实机盘点为准,INITIAL_ENGINEERING_SCOPE,MUST_CANDIDATE_PENDING_G0,P1/P2,M12-T02,M12-AC01;M12-AC02;M12-AC03;M12-AC04;M12-AC05,UNCONFIRMED,NOT_APPROVED,PLANNED,
SC-M12-03,M12,通知由 outbox 驱动，采用接收人、事件和模板版本去重；邮件只发送最小必要信息，不把保密附件公开挂链。,原创工程设计；以 P0 实机盘点为准,INITIAL_ENGINEERING_SCOPE,MUST_CANDIDATE_PENDING_G0,P1/P2,M12-T03,M12-AC01;M12-AC02;M12-AC03;M12-AC04;M12-AC05,UNCONFIRMED,NOT_APPROVED,PLANNED,
SC-M12-04,M12,搜索先以数据库实现，再按容量拆分索引；索引记录项目权限标签和修订水位，撤权立即由主服务二次过滤。,原创工程设计；以 P0 实机盘点为准,INITIAL_ENGINEERING_SCOPE,MUST_CANDIDATE_PENDING_G0,P1/P2,M12-T04,M12-AC01;M12-AC02;M12-AC03;M12-AC04;M12-AC05,UNCONFIRMED,NOT_APPROVED,PLANNED,
SC-M12-05,M12,实现收藏、最近访问、待办、保存视图及分享视图；分享的是查询定义，不是原创建者的数据权限。,原创工程设计；以 P0 实机盘点为准,INITIAL_ENGINEERING_SCOPE,MUST_CANDIDATE_PENDING_G0,P1/P2,M12-T05,M12-AC01;M12-AC02;M12-AC03;M12-AC04;M12-AC05,UNCONFIRMED,NOT_APPROVED,PLANNED,
SC-M12-06,M12,提供导入导出与通知失败队列、人工重试和配额；限流区分用户任务与关键业务写入，避免大导出拖垮主库。,原创工程设计；以 P0 实机盘点为准,INITIAL_ENGINEERING_SCOPE,MUST_CANDIDATE_PENDING_G0,P1/P2,M12-T06,M12-AC01;M12-AC02;M12-AC03;M12-AC04;M12-AC05,UNCONFIRMED,NOT_APPROVED,PLANNED,
SC-M13-01,M13,将表单表现、服务端命令校验、状态转换及异步动作分层；服务端命令是最终权威，不执行来自用户的任意 SQL、系统命令或不受限 eval。,R04,INITIAL_ENGINEERING_SCOPE,MUST_CANDIDATE_PENDING_G0,P1/P2,M13-T01,M13-AC01;M13-AC02;M13-AC03;M13-AC04;M13-AC05,UNCONFIRMED,NOT_APPROVED,PLANNED,
SC-M13-02,M13,定义规则输入输出契约及可用函数白名单；表达式仅访问已授权的数据视图，设置时间、内存、递归和结果大小限制。,R04,INITIAL_ENGINEERING_SCOPE,MUST_CANDIDATE_PENDING_G0,P1/P2,M13-T02,M13-AC01;M13-AC02;M13-AC03;M13-AC04;M13-AC05,UNCONFIRMED,NOT_APPROVED,PLANNED,
SC-M13-03,M13,流程使用草稿、校验、发布、停用生命周期；每次业务操作保存 workflow_revision，正在执行的流程固定旧版本或经显式迁移。,R04,INITIAL_ENGINEERING_SCOPE,MUST_CANDIDATE_PENDING_G0,P1/P2,M13-T03,M13-AC01;M13-AC02;M13-AC03;M13-AC04;M13-AC05,UNCONFIRMED,NOT_APPROVED,PLANNED,
SC-M13-04,M13,实现规则模拟器：输入脱敏样本并展示命中条件、字段变化和被拒原因；多条规则冲突必须有确定优先级和循环检测。,R04,INITIAL_ENGINEERING_SCOPE,MUST_CANDIDATE_PENDING_G0,P1/P2,M13-T04,M13-AC01;M13-AC02;M13-AC03;M13-AC04;M13-AC05,UNCONFIRMED,NOT_APPROVED,PLANNED,
SC-M13-05,M13,审批、通知和外部调用通过异步任务执行，业务事务内只持久化意图；重试不得重复审批或重复触发外部副作用。,R04,INITIAL_ENGINEERING_SCOPE,MUST_CANDIDATE_PENDING_G0,P1/P2,M13-T05,M13-AC01;M13-AC02;M13-AC03;M13-AC04;M13-AC05,UNCONFIRMED,NOT_APPROVED,PLANNED,
SC-M13-06,M13,建立旧 VBScript 事件清单和语义映射，交给 M25 的兼容轨；不得将语法转换器等同于事件行为一致。,R04,INITIAL_ENGINEERING_SCOPE,MUST_CANDIDATE_PENDING_G0,P1/P2,M13-T06,M13-AC01;M13-AC02;M13-AC03;M13-AC04;M13-AC05,UNCONFIRMED,NOT_APPROVED,PLANNED,
SC-M14-01,M14,资产采用稳定身份加不可变修订；维护检出人、租约及乐观版本，基线只能引用已发布或明确策略允许的修订。,R03,INITIAL_ENGINEERING_SCOPE,MUST_CANDIDATE_PENDING_G0,P2,M14-T01,M14-AC01;M14-AC02;M14-AC03;M14-AC04;M14-AC05,UNCONFIRMED,NOT_APPROVED,PLANNED,
SC-M14-02,M14,在一致性事务内解析库范围和依赖闭包，捕获实体、关系及资源修订清单；长任务不能分批查询最新值拼凑“同一时刻”快照。,R03,INITIAL_ENGINEERING_SCOPE,MUST_CANDIDATE_PENDING_G0,P2,M14-T02,M14-AC01;M14-AC02;M14-AC03;M14-AC04;M14-AC05,UNCONFIRMED,NOT_APPROVED,PLANNED,
SC-M14-03,M14,冻结清单后异步生成包并校验对象版本存在性，完成才将 baseline 标为 READY；失败基线不可被执行或签批。,R03,INITIAL_ENGINEERING_SCOPE,MUST_CANDIDATE_PENDING_G0,P2,M14-T03,M14-AC01;M14-AC02;M14-AC03;M14-AC04;M14-AC05,UNCONFIRMED,NOT_APPROVED,PLANNED,
SC-M14-04,M14,按身份、修订及关系比较基线，输出新增、删除、修改和依赖差异；为大快照提供分页和可下载差异报告。,R03,INITIAL_ENGINEERING_SCOPE,MUST_CANDIDATE_PENDING_G0,P2,M14-T04,M14-AC01;M14-AC02;M14-AC03;M14-AC04;M14-AC05,UNCONFIRMED,NOT_APPROVED,PLANNED,
SC-M14-05,M14,测试集固定基线时先生成影响预览；原产品某些固定/清除行为会删除运行历史，独立产品默认保存历史并登记为兼容差异，严格兼容模式须单独审批。,R03,INITIAL_ENGINEERING_SCOPE,MUST_CANDIDATE_PENDING_G0,P2,M14-T05,M14-AC01;M14-AC02;M14-AC03;M14-AC04;M14-AC05,UNCONFIRMED,NOT_APPROVED,PLANNED,
SC-M14-06,M14,实现基线引用保护、归档和恢复验证；跨项目库导入由 M20 处理来源映射及合并冲突，不直接共享可变记录。,R03,INITIAL_ENGINEERING_SCOPE,MUST_CANDIDATE_PENDING_G0,P2,M14-T06,M14-AC01;M14-AC02;M14-AC03;M14-AC04;M14-AC05,UNCONFIRMED,NOT_APPROVED,PLANNED,
SC-M15-01,M15,建立指标字典，至少定义需求覆盖、测试设计、执行进度、通过率、缺陷年龄及重开率；每项写清粒度、分母、过滤器与更新时间。,R01,INITIAL_ENGINEERING_SCOPE,MUST_CANDIDATE_PENDING_G0,P1/P2,M15-T01,M15-AC01;M15-AC02;M15-AC03;M15-AC04;M15-AC05,UNCONFIRMED,NOT_APPROVED,PLANNED,
SC-M15-02,M15,构建业务视图语义层，字段来自受控元数据；视图查询只能使用白名单联接路径及行数限制，禁止任意 SQL 访问主库。,R01,INITIAL_ENGINEERING_SCOPE,MUST_CANDIDATE_PENDING_G0,P1/P2,M15-T02,M15-AC01;M15-AC02;M15-AC03;M15-AC04;M15-AC05,UNCONFIRMED,NOT_APPROVED,PLANNED,
SC-M15-03,M15,实现仪表盘组件及钻取；显示统计时间和最终一致性水位，缓存键包含权限版本、作用域、基线及指标版本。,R01,INITIAL_ENGINEERING_SCOPE,MUST_CANDIDATE_PENDING_G0,P1/P2,M15-T03,M15-AC01;M15-AC02;M15-AC03;M15-AC04;M15-AC05,UNCONFIRMED,NOT_APPROVED,PLANNED,
SC-M15-04,M15,跨项目查询先求授权项目交集，再聚合；字段定义相同名称不同含义时须显式映射，不自动混合。,R01,INITIAL_ENGINEERING_SCOPE,MUST_CANDIDATE_PENDING_G0,P1/P2,M15-T04,M15-AC01;M15-AC02;M15-AC03;M15-AC04;M15-AC05,UNCONFIRMED,NOT_APPROVED,PLANNED,
SC-M15-05,M15,实现 Excel/CSV 输出、定时报表与模板；文件包含生成时间、口径和数据范围；原 Excel 插件二进制兼容单列到 M25。,R01,INITIAL_ENGINEERING_SCOPE,MUST_CANDIDATE_PENDING_G0,P1/P2,M15-T05,M15-AC01;M15-AC02;M15-AC03;M15-AC04;M15-AC05,UNCONFIRMED,NOT_APPROVED,PLANNED,
SC-M15-06,M15,使用黄金数据集手工计算期望，再对 SQL、图表和导出三方核对；大规模分析可拆只读库或分析存储但保留血缘。,R01,INITIAL_ENGINEERING_SCOPE,MUST_CANDIDATE_PENDING_G0,P1/P2,M15-T06,M15-AC01;M15-AC02;M15-AC03;M15-AC04;M15-AC05,UNCONFIRMED,NOT_APPROVED,PLANNED,
SC-M16-01,M16,定义 Runner Adapter SPI：validate、prepare、start、poll、cancel、collect；每个适配器声明支持系统、引擎版本、参数、许可证和结果语义。,R02；具体引擎接口须 P0 逐项验证,INITIAL_ENGINEERING_SCOPE,MUST_CANDIDATE_PENDING_G0,P1/P2,M16-T01,M16-AC01;M16-AC02;M16-AC03;M16-AC04;M16-AC05,UNCONFIRMED,NOT_APPROVED,PLANNED,
SC-M16-02,M16,执行节点使用一次性注册令牌换取短期证书或受限凭据；能力标签仅在管理员审核后参与调度，任务参数不允许任意越权命令。,R02；具体引擎接口须 P0 逐项验证,INITIAL_ENGINEERING_SCOPE,MUST_CANDIDATE_PENDING_G0,P1/P2,M16-T02,M16-AC01;M16-AC02;M16-AC03;M16-AC04;M16-AC05,UNCONFIRMED,NOT_APPROVED,PLANNED,
SC-M16-03,M16,调度器以原子领取和租约分配任务，生成 fencing_token；旧租约的心跳及结果拒收，重试产生新 attempt 而不是覆盖旧 attempt。,R02；具体引擎接口须 P0 逐项验证,INITIAL_ENGINEERING_SCOPE,MUST_CANDIDATE_PENDING_G0,P1/P2,M16-T03,M16-AC01;M16-AC02;M16-AC03;M16-AC04;M16-AC05,UNCONFIRMED,NOT_APPROVED,PLANNED,
SC-M16-04,M16,节点在隔离工作目录准备资产，按白名单启动进程或容器；保存任务 ID 与本地进程映射，实现可恢复取消、超时及断线续传。,R02；具体引擎接口须 P0 逐项验证,INITIAL_ENGINEERING_SCOPE,MUST_CANDIDATE_PENDING_G0,P1/P2,M16-T04,M16-AC01;M16-AC02;M16-AC03;M16-AC04;M16-AC05,UNCONFIRMED,NOT_APPROVED,PLANNED,
SC-M16-05,M16,结果分块带序号和哈希，去重后归档；区分测试失败、基础设施失败和未知状态，未知副作用任务禁止自动重复执行。,R02；具体引擎接口须 P0 逐项验证,INITIAL_ENGINEERING_SCOPE,MUST_CANDIDATE_PENDING_G0,P1/P2,M16-T05,M16-AC01;M16-AC02;M16-AC03;M16-AC04;M16-AC05,UNCONFIRMED,NOT_APPROVED,PLANNED,
SC-M16-06,M16,先接入 JUnit XML 结果与一种可用开源执行器，再接入合法授权的 UFT/LoadRunner 等目标清单；真正执行引擎能力不计为本平台已自研。,R02；具体引擎接口须 P0 逐项验证,INITIAL_ENGINEERING_SCOPE,MUST_CANDIDATE_PENDING_G0,P1/P2,M16-T06,M16-AC01;M16-AC02;M16-AC03;M16-AC04;M16-AC05,UNCONFIRMED,NOT_APPROVED,PLANNED,
SC-M17-01,M17,建模执行机、设备、环境、资源池、并发槽和维护窗口；资源状态来自心跳但可由管理员禁用，禁用优先于空闲报告。,R01,INITIAL_ENGINEERING_SCOPE,MUST_CANDIDATE_PENDING_G0,P2,M17-T01,M17-AC01;M17-AC02;M17-AC03;M17-AC04;M17-AC05,UNCONFIRMED,NOT_APPROVED,PLANNED,
SC-M17-02,M17,预订采用半开时间区间和事务冲突约束；同时校验项目配额、许可证额度与设备独占条件，不先查空闲再无锁写入。,R01,INITIAL_ENGINEERING_SCOPE,MUST_CANDIDATE_PENDING_G0,P2,M17-T02,M17-AC01;M17-AC02;M17-AC03;M17-AC04;M17-AC05,UNCONFIRMED,NOT_APPROVED,PLANNED,
SC-M17-03,M17,调度支持指定时间、依赖完成、构建健康及业务条件；依赖图检查环，时间使用 IANA 时区并明确夏令时重复或缺失时段策略。,R01,INITIAL_ENGINEERING_SCOPE,MUST_CANDIDATE_PENDING_G0,P2,M17-T03,M17-AC01;M17-AC02;M17-AC03;M17-AC04;M17-AC05,UNCONFIRMED,NOT_APPROVED,PLANNED,
SC-M17-04,M17,实现公平队列、优先级、资源标签匹配与最大等待时间；项目高优先级不允许越过其他项目隔离及许可限制。,R01,INITIAL_ENGINEERING_SCOPE,MUST_CANDIDATE_PENDING_G0,P2,M17-T04,M17-AC01;M17-AC02;M17-AC03;M17-AC04;M17-AC05,UNCONFIRMED,NOT_APPROVED,PLANNED,
SC-M17-05,M17,处理节点故障、维护、预订取消和排程变更；运行中回收资源须先完成取消握手或隔离，避免同一设备同时执行两个任务。,R01,INITIAL_ENGINEERING_SCOPE,MUST_CANDIDATE_PENDING_G0,P2,M17-T05,M17-AC01;M17-AC02;M17-AC03;M17-AC04;M17-AC05,UNCONFIRMED,NOT_APPROVED,PLANNED,
SC-M17-06,M17,加入资源利用率、排队时长、调度拒绝原因和许可证占用审计，定期对账幽灵租约与实际运行。,R01,INITIAL_ENGINEERING_SCOPE,MUST_CANDIDATE_PENDING_G0,P2,M17-T06,M17-AC01;M17-AC02;M17-AC03;M17-AC04;M17-AC05,UNCONFIRMED,NOT_APPROVED,PLANNED,
SC-M18-01,M18,建立连接器清单：GitHub、Jenkins、Jira、Azure DevOps、消息协作、测试工具及已授权许可服务；每个连接器冻结版本、方向、字段所有权和最低权限。,R01、R02,INITIAL_ENGINEERING_SCOPE,MUST_CANDIDATE_PENDING_G0,P2/P3,M18-T01,M18-AC01;M18-AC02;M18-AC03;M18-AC04;M18-AC05,UNCONFIRMED,NOT_APPROVED,PLANNED,
SC-M18-02,M18,外部凭据交给密钥管理，连接测试只执行无副作用读操作；Webhook 校验签名、时间窗与重放 ID，记录 inbox 后立即应答。,R01、R02,INITIAL_ENGINEERING_SCOPE,MUST_CANDIDATE_PENDING_G0,P2/P3,M18-T02,M18-AC01;M18-AC02;M18-AC03;M18-AC04;M18-AC05,UNCONFIRMED,NOT_APPROVED,PLANNED,
SC-M18-03,M18,双向同步使用 external_mapping 和各侧修订；定义字段主权及人工冲突队列，禁止用最后写入静默覆盖全部字段。,R01、R02,INITIAL_ENGINEERING_SCOPE,MUST_CANDIDATE_PENDING_G0,P2/P3,M18-T03,M18-AC01;M18-AC02;M18-AC03;M18-AC04;M18-AC05,UNCONFIRMED,NOT_APPROVED,PLANNED,
SC-M18-04,M18,关联需求/缺陷、提交、拉取请求、构建与部署；使用稳定外部 ID，不通过模糊文本匹配直接建立确定关系。,R01、R02,INITIAL_ENGINEERING_SCOPE,MUST_CANDIDATE_PENDING_G0,P2/P3,M18-T04,M18-AC01;M18-AC02;M18-AC03;M18-AC04;M18-AC05,UNCONFIRMED,NOT_APPROVED,PLANNED,
SC-M18-05,M18,实现速率限制、指数退避、死信、游标回补和全量对账；外部删除通过 tombstone 及审批传播，避免连锁删除历史证据。,R01、R02,INITIAL_ENGINEERING_SCOPE,MUST_CANDIDATE_PENDING_G0,P2/P3,M18-T05,M18-AC01;M18-AC02;M18-AC03;M18-AC04;M18-AC05,UNCONFIRMED,NOT_APPROVED,PLANNED,
SC-M18-06,M18,为 LoadRunner 项目定义独立执行任务及结果摘要协议：ALM 存索引和质量结论，性能平台存采样及大体量时序数据。,R01、R02,INITIAL_ENGINEERING_SCOPE,MUST_CANDIDATE_PENDING_G0,P2/P3,M18-T06,M18-AC01;M18-AC02;M18-AC03;M18-AC04;M18-AC05,UNCONFIRMED,NOT_APPROVED,PLANNED,
SC-M19-01,M19,在授权范围内只读提取项目设置、字段、身份映射、业务对象、修订、关系、附件与历史；接口不提供的数据标记不可提取并安排合法替代证据，不直接改原库。,R02、R03,INITIAL_ENGINEERING_SCOPE,MUST_CANDIDATE_PENDING_G0,P0/P1/P2/P3,M19-T01,M19-AC01;M19-AC02;M19-AC03;M19-AC04;M19-AC05,UNCONFIRMED,NOT_APPROVED,PLANNED,
SC-M19-02,M19,使用带 source_system、source_project、source_type、source_id、source_revision 的规范中间格式；每条记录和文件计算哈希，源时间与迁入时间分开存。,R02、R03,INITIAL_ENGINEERING_SCOPE,MUST_CANDIDATE_PENDING_G0,P0/P1/P2/P3,M19-T02,M19-AC01;M19-AC02;M19-AC03;M19-AC04;M19-AC05,UNCONFIRMED,NOT_APPROVED,PLANNED,
SC-M19-03,M19,先迁元数据及用户映射，再迁稳定身份、修订、资产和关系，最后迁运行、基线、签名来源；失败项隔离，检查点只在目标提交后推进。,R02、R03,INITIAL_ENGINEERING_SCOPE,MUST_CANDIDATE_PENDING_G0,P0/P1/P2/P3,M19-T03,M19-AC01;M19-AC02;M19-AC03;M19-AC04;M19-AC05,UNCONFIRMED,NOT_APPROVED,PLANNED,
SC-M19-04,M19,映射键建立唯一约束；重放采用幂等 upsert 或显式创建规则。用户离职映射到历史身份，不能把全部历史作者改为迁移管理员。,R02、R03,INITIAL_ENGINEERING_SCOPE,MUST_CANDIDATE_PENDING_G0,P0/P1/P2/P3,M19-T04,M19-AC01;M19-AC02;M19-AC03;M19-AC04;M19-AC05,UNCONFIRMED,NOT_APPROVED,PLANNED,
SC-M19-05,M19,增量捕获不能只依赖 update_time：使用稳定水位加 ID 并设置重叠窗口；删除及关系变化通过官方变更信息或周期全量对账补齐。,R02、R03,INITIAL_ENGINEERING_SCOPE,MUST_CANDIDATE_PENDING_G0,P0/P1/P2/P3,M19-T05,M19-AC01;M19-AC02;M19-AC03;M19-AC04;M19-AC05,UNCONFIRMED,NOT_APPROVED,PLANNED,
SC-M19-06,M19,执行两次演练后按停写、排空任务、最后增量、数量/哈希/关系/指标对账、业务签字顺序切换；新系统开始写入后的回滚须有反向增量或数据冻结恢复策略。,R02、R03,INITIAL_ENGINEERING_SCOPE,MUST_CANDIDATE_PENDING_G0,P0/P1/P2/P3,M19-T06,M19-AC01;M19-AC02;M19-AC03;M19-AC04;M19-AC05,UNCONFIRMED,NOT_APPROVED,PLANNED,
SC-M20-01,M20,项目模板包含字段、列表、角色、规则、流程及布局修订；项目绑定指定模板版本，本地扩展保存在独立覆盖层。,R03、R04,INITIAL_ENGINEERING_SCOPE,MUST_CANDIDATE_PENDING_G0,P2/P3,M20-T01,M20-AC01;M20-AC02;M20-AC03;M20-AC04;M20-AC05,UNCONFIRMED,NOT_APPROVED,PLANNED,
SC-M20-02,M20,模板升级先计算原模板、本地配置、新模板三方差异；共享字段重名、类型冲突和权限收紧必须显式解决。,R03、R04,INITIAL_ENGINEERING_SCOPE,MUST_CANDIDATE_PENDING_G0,P2/P3,M20-T02,M20-AC01;M20-AC02;M20-AC03;M20-AC04;M20-AC05,UNCONFIRMED,NOT_APPROVED,PLANNED,
SC-M20-03,M20,资产库导入保存源基线、源实体 ID、本地实体 ID 及上次同步修订；跨项目共享不等于共享同一可变数据库行。,R03、R04,INITIAL_ENGINEERING_SCOPE,MUST_CANDIDATE_PENDING_G0,P2/P3,M20-T03,M20-AC01;M20-AC02;M20-AC03;M20-AC04;M20-AC05,UNCONFIRMED,NOT_APPROVED,PLANNED,
SC-M20-04,M20,合并时分别比较正文、步骤、参数、资源和关系；存在双侧修改时生成冲突队列，保留双方版本供人工选择。,R03、R04,INITIAL_ENGINEERING_SCOPE,MUST_CANDIDATE_PENDING_G0,P2/P3,M20-T04,M20-AC01;M20-AC02;M20-AC03;M20-AC04;M20-AC05,UNCONFIRMED,NOT_APPROVED,PLANNED,
SC-M20-05,M20,模板脚本与项目脚本的调用顺序按目标兼容矩阵验证；新平台继承规则另有明确语义，不混淆两种执行模式。,R03、R04,INITIAL_ENGINEERING_SCOPE,MUST_CANDIDATE_PENDING_G0,P2/P3,M20-T05,M20-AC01;M20-AC02;M20-AC03;M20-AC04;M20-AC05,UNCONFIRMED,NOT_APPROVED,PLANNED,
SC-M20-06,M20,实现脱离模板、撤销共享、归档源项目与再同步测试；撤销访问不物理销毁已经依法保留的运行证据。,R03、R04,INITIAL_ENGINEERING_SCOPE,MUST_CANDIDATE_PENDING_G0,P2/P3,M20-T06,M20-AC01;M20-AC02;M20-AC03;M20-AC04;M20-AC05,UNCONFIRMED,NOT_APPROVED,PLANNED,
SC-M21-01,M21,分别建模组件、流程、业务测试及其版本；组件可以是手工或自动化，输入/输出参数具有类型、默认值和可见范围。,R11,INITIAL_ENGINEERING_SCOPE,MUST_CANDIDATE_PENDING_G0,P3,M21-T01,M21-AC01;M21-AC02;M21-AC03;M21-AC04;M21-AC05,UNCONFIRMED,NOT_APPROVED,PLANNED,
SC-M21-02,M21,实现图形及表格编辑器，支持组件排序、流程嵌套、参数绑定、数据迭代；保存时校验依赖环及未定义参数。,R11,INITIAL_ENGINEERING_SCOPE,MUST_CANDIDATE_PENDING_G0,P3,M21-T02,M21-AC01;M21-AC02;M21-AC03;M21-AC04;M21-AC05,UNCONFIRMED,NOT_APPROVED,PLANNED,
SC-M21-03,M21,将流程编译为确定的执行图和 manifest，固定所有组件修订与资产；迭代变量作用域不能在并行实例之间泄露。,R11,INITIAL_ENGINEERING_SCOPE,MUST_CANDIDATE_PENDING_G0,P3,M21-T03,M21-AC01;M21-AC02;M21-AC03;M21-AC04;M21-AC05,UNCONFIRMED,NOT_APPROVED,PLANNED,
SC-M21-04,M21,实现逐组件结果、子步骤证据、失败传播和可配置继续策略；不能把一个复杂业务测试压成无明细的总 PASS。,R11,INITIAL_ENGINEERING_SCOPE,MUST_CANDIDATE_PENDING_G0,P3,M21-T04,M21-AC01;M21-AC02;M21-AC03;M21-AC04;M21-AC05,UNCONFIRMED,NOT_APPROVED,PLANNED,
SC-M21-05,M21,支持手工用例转换为手工组件以及复用差异分析；原产品对已被引用组件的删除限制等行为纳入兼容测试。,R11,INITIAL_ENGINEERING_SCOPE,MUST_CANDIDATE_PENDING_G0,P3,M21-T05,M21-AC01;M21-AC02;M21-AC03;M21-AC04;M21-AC05,UNCONFIRMED,NOT_APPROVED,PLANNED,
SC-M21-06,M21,单列 Packaged Apps Kit、学习/变更检测和外部自动化工具依赖；若属于冻结范围，必须开发适配并完成实机验收，不能以普通流程编排冒充完成。,R11,INITIAL_ENGINEERING_SCOPE,MUST_CANDIDATE_PENDING_G0,P3,M21-T06,M21-AC01;M21-AC02;M21-AC03;M21-AC04;M21-AC05,UNCONFIRMED,NOT_APPROVED,PLANNED,
SC-M22-01,M22,建立业务流程模型及节点映射，不默认把 BPMN 文件作为任意代码执行；导入前禁用 XML 外部实体并检查大小与深度。,R01,INITIAL_ENGINEERING_SCOPE,MUST_CANDIDATE_PENDING_G0,P2/P3,M22-T01,M22-AC01;M22-AC02;M22-AC03;M22-AC04;M22-AC05,UNCONFIRMED,NOT_APPROVED,PLANNED,
SC-M22-02,M22,支持目标清单要求的 BPMN 元素、图形布局及需求关联；未支持元素保留原始表示并明确提示，不静默丢弃。,R01,INITIAL_ENGINEERING_SCOPE,MUST_CANDIDATE_PENDING_G0,P2/P3,M22-T02,M22-AC01;M22-AC02;M22-AC03;M22-AC04;M22-AC05,UNCONFIRMED,NOT_APPROVED,PLANNED,
SC-M22-03,M22,风险模型定义业务影响、失败概率和测试投入等输入，采用可解释且版本化的评分规则；分值是项目约定，不是客观事实。,R01,INITIAL_ENGINEERING_SCOPE,MUST_CANDIDATE_PENDING_G0,P2/P3,M22-T03,M22-AC01;M22-AC02;M22-AC03;M22-AC04;M22-AC05,UNCONFIRMED,NOT_APPROVED,PLANNED,
SC-M22-04,M22,接入构建健康、变更范围与历史缺陷，生成建议测试集合；展示命中原因、排除原因和数据时间，不自动取消必测用例。,R01,INITIAL_ENGINEERING_SCOPE,MUST_CANDIDATE_PENDING_G0,P2/P3,M22-T04,M22-AC01;M22-AC02;M22-AC03;M22-AC04;M22-AC05,UNCONFIRMED,NOT_APPROVED,PLANNED,
SC-M22-05,M22,将模型节点覆盖与需求覆盖关联但分别统计；模型版本变化标记需重新确认的测试关系。,R01,INITIAL_ENGINEERING_SCOPE,MUST_CANDIDATE_PENDING_G0,P2/P3,M22-T05,M22-AC01;M22-AC02;M22-AC03;M22-AC04;M22-AC05,UNCONFIRMED,NOT_APPROVED,PLANNED,
SC-M22-06,M22,提供建议预览、人工批准、实际效果评估和规则回退；不能因 AI 或风险评分自动宣布质量达标。,R01,INITIAL_ENGINEERING_SCOPE,MUST_CANDIDATE_PENDING_G0,P2/P3,M22-T06,M22-AC01;M22-AC02;M22-AC03;M22-AC04;M22-AC05,UNCONFIRMED,NOT_APPROVED,PLANNED,
SC-M23-01,M23,先盘点 Web、桌面及 QoT 使用场景，形成客户端差异矩阵；原厂客户端直接连接属于 M25 兼容，不由 PWA 自动满足。,R01,INITIAL_ENGINEERING_SCOPE,MUST_CANDIDATE_PENDING_G0,P3,M23-T01,M23-AC01;M23-AC02;M23-AC03;M23-AC04;M23-AC05,UNCONFIRMED,NOT_APPROVED,PLANNED,
SC-M23-02,M23,打包指定测试实例、manifest、必要附件和有限离线授权；包绑定项目、用户、设备、公钥、有效期及服务端签名。,R01,INITIAL_ENGINEERING_SCOPE,MUST_CANDIDATE_PENDING_G0,P3,M23-T02,M23-AC01;M23-AC02;M23-AC03;M23-AC04;M23-AC05,UNCONFIRMED,NOT_APPROVED,PLANNED,
SC-M23-03,M23,本地操作使用 operation_id、设备序号和基础版本记录；优先采用受支持的系统密钥存储，浏览器环境明确防护边界和退出清理。,R01,INITIAL_ENGINEERING_SCOPE,MUST_CANDIDATE_PENDING_G0,P3,M23-T03,M23-AC01;M23-AC02;M23-AC03;M23-AC04;M23-AC05,UNCONFIRMED,NOT_APPROVED,PLANNED,
SC-M23-04,M23,同步时逐项认证、校验包完整性与服务端当前授权、去重并应用；区分过期、撤权、已结束运行和步骤冲突，不以最后写入覆盖。,R01,INITIAL_ENGINEERING_SCOPE,MUST_CANDIDATE_PENDING_G0,P3,M23-T04,M23-AC01;M23-AC02;M23-AC03;M23-AC04;M23-AC05,UNCONFIRMED,NOT_APPROVED,PLANNED,
SC-M23-05,M23,冲突界面提供本地与服务端版本、证据和可选处理，人工合并生成新的审计事件；无法验证授权的上传隔离而非直接生效。,R01,INITIAL_ENGINEERING_SCOPE,MUST_CANDIDATE_PENDING_G0,P3,M23-T05,M23-AC01;M23-AC02;M23-AC03;M23-AC04;M23-AC05,UNCONFIRMED,NOT_APPROVED,PLANNED,
SC-M23-06,M23,提供丢失设备撤销、离线包到期和数据清理策略；明确设备断网期间无法远程保证立即擦除已缓存数据。,R01,INITIAL_ENGINEERING_SCOPE,MUST_CANDIDATE_PENDING_G0,P3,M23-T06,M23-AC01;M23-AC02;M23-AC03;M23-AC04;M23-AC05,UNCONFIRMED,NOT_APPROVED,PLANNED,
SC-M24-01,M24,为每个目标版本登记项目 REST 与站点管理 REST 的资源、认证、会话、字段名、分页、排序、过滤和错误格式，不仅记录路径。,R02,INITIAL_ENGINEERING_SCOPE,MUST_CANDIDATE_PENDING_G0,P0/P3,M24-T01,M24-AC01;M24-AC02;M24-AC03;M24-AC04;M24-AC05,UNCONFIRMED,NOT_APPROVED,PLANNED,
SC-M24-02,M24,设计独立反腐层，把旧字段及状态映射到原生命令；权限、校验和审计仍通过原生业务服务，不绕过核心直接写库。,R02,INITIAL_ENGINEERING_SCOPE,MUST_CANDIDATE_PENDING_G0,P0/P3,M24-T02,M24-AC01;M24-AC02;M24-AC03;M24-AC04;M24-AC05,UNCONFIRMED,NOT_APPROVED,PLANNED,
SC-M24-03,M24,实现旧查询语法解析器与参数化查询翻译，拒绝未知操作符并限制成本；空值、日期、大小写和集合语义分别建立测试。,R02,INITIAL_ENGINEERING_SCOPE,MUST_CANDIDATE_PENDING_G0,P0/P3,M24-T03,M24-AC01;M24-AC02;M24-AC03;M24-AC04;M24-AC05,UNCONFIRMED,NOT_APPROVED,PLANNED,
SC-M24-04,M24,兼容会话具有隔离存储、过期和撤销机制；旧 Cookie 或连接对象不能赋予超过原用户的权限。,R02,INITIAL_ENGINEERING_SCOPE,MUST_CANDIDATE_PENDING_G0,P0/P3,M24-T04,M24-AC01;M24-AC02;M24-AC03;M24-AC04;M24-AC05,UNCONFIRMED,NOT_APPROVED,PLANNED,
SC-M24-05,M24,构建双环境差分测试，去除明确非确定字段后比较状态码、头、响应体、分页边界、错误及实际持久化影响。,R02,INITIAL_ENGINEERING_SCOPE,MUST_CANDIDATE_PENDING_G0,P0/P3,M24-T05,M24-AC01;M24-AC02;M24-AC03;M24-AC04;M24-AC05,UNCONFIRMED,NOT_APPROVED,PLANNED,
SC-M24-06,M24,按客户样本及官方接口清单逐项关闭差异；标为零修改兼容的调用必须由原调用程序执行，不能只用新编写客户端验收。,R02,INITIAL_ENGINEERING_SCOPE,MUST_CANDIDATE_PENDING_G0,P0/P3,M24-T06,M24-AC01;M24-AC02;M24-AC03;M24-AC04;M24-AC05,UNCONFIRMED,NOT_APPROVED,PLANNED,
SC-M25-01,M25,在隔离 Windows 实验室获取合法 SDK 与样本；登记 x86/x64、类型库、ProgID、事件、对象工厂、集合、异常和客户端版本，不在主开发机覆盖厂商组件。,R02、R04,INITIAL_ENGINEERING_SCOPE,MUST_CANDIDATE_PENDING_G0,P0/P3,M25-T01,M25-AC01;M25-AC02;M25-AC03;M25-AC04;M25-AC05,UNCONFIRMED,NOT_APPROVED,PLANNED,
SC-M25-02,M25,通过独立实现的 COM 外观与进程外桥接保持接口对象生命周期；验证枚举器、可选参数、VARIANT、日期和错误码。是否可使用原标识须经许可审查。,R02、R04,INITIAL_ENGINEERING_SCOPE,MUST_CANDIDATE_PENDING_G0,P0/P3,M25-T02,M25-AC01;M25-AC02;M25-AC03;M25-AC04;M25-AC05,UNCONFIRMED,NOT_APPROVED,PLANNED,
SC-M25-03,M25,为高频 OTA 对象逐个映射原生 API，保存对象缓存与提交边界；明确 Post/Refresh/Lock 等语义，禁止只把方法名转为 HTTP 路径。,R02、R04,INITIAL_ENGINEERING_SCOPE,MUST_CANDIDATE_PENDING_G0,P0/P3,M25-T03,M25-AC01;M25-AC02;M25-AC03;M25-AC04;M25-AC05,UNCONFIRMED,NOT_APPROVED,PLANNED,
SC-M25-04,M25,脚本兼容实现事件调度、模板/项目调用顺序、共享变量和错误语义；允许的对象能力由白名单控制，脚本不得默认获得文件系统或网络管理权限。,R02、R04,INITIAL_ENGINEERING_SCOPE,MUST_CANDIDATE_PENDING_G0,P0/P3,M25-T04,M25-AC01;M25-AC02;M25-AC03;M25-AC04;M25-AC05,UNCONFIRMED,NOT_APPROVED,PLANNED,
SC-M25-05,M25,针对 Excel 宏、自定义测试类型、站点管理 COM、插件和原客户端分别运行原样本；无法无修改兼容的样本记录改造清单和工作量。,R02、R04,INITIAL_ENGINEERING_SCOPE,MUST_CANDIDATE_PENDING_G0,P0/P3,M25-T05,M25-AC01;M25-AC02;M25-AC03;M25-AC04;M25-AC05,UNCONFIRMED,NOT_APPROVED,PLANNED,
SC-M25-06,M25,签名安装包、隔离注册、卸载及并存回归；保持新平台原生模型独立。最终无样本或无合法实现路径的项维持未验收，升级治理而非默默排除。,R02、R04,INITIAL_ENGINEERING_SCOPE,MUST_CANDIDATE_PENDING_G0,P0/P3,M25-T06,M25-AC01;M25-AC02;M25-AC03;M25-AC04;M25-AC05,UNCONFIRMED,NOT_APPROVED,PLANNED,
SC-M26-01,M26,先由业务和合规人员确定签名含义、签批对象、身份确认、双人复核、保留期限和适用要求；产品实现不等同于自动获得监管认证。,R01；合规要求由项目适用性评估确定,INITIAL_ENGINEERING_SCOPE,MUST_CANDIDATE_PENDING_G0,P2/P3,M26-T01,M26-AC01;M26-AC02;M26-AC03;M26-AC04;M26-AC05,UNCONFIRMED,NOT_APPROVED,PLANNED,
SC-M26-02,M26,签名绑定对象修订、附件清单和规范化内容哈希；使用再认证与挑战 nonce，验证挑战绑定主体及对象，拒绝重放。,R01；合规要求由项目适用性评估确定,INITIAL_ENGINEERING_SCOPE,MUST_CANDIDATE_PENDING_G0,P2/P3,M26-T02,M26-AC01;M26-AC02;M26-AC03;M26-AC04;M26-AC05,UNCONFIRMED,NOT_APPROVED,PLANNED,
SC-M26-03,M26,保存签名人稳定身份、意义、时间来源、认证强度、策略版本与服务端证据；服务端签封用于完整性保护，不冒称用户本人持有证书作出的数字签名。,R01；合规要求由项目适用性评估确定,INITIAL_ENGINEERING_SCOPE,MUST_CANDIDATE_PENDING_G0,P2/P3,M26-T03,M26-AC01;M26-AC02;M26-AC03;M26-AC04;M26-AC05,UNCONFIRMED,NOT_APPROVED,PLANNED,
SC-M26-04,M26,对象变化产生新修订，原签名仍对应旧内容；撤销签名以追加事件记录原因及授权人，不能删除原记录。,R01；合规要求由项目适用性评估确定,INITIAL_ENGINEERING_SCOPE,MUST_CANDIDATE_PENDING_G0,P2/P3,M26-T04,M26-AC01;M26-AC02;M26-AC03;M26-AC04;M26-AC05,UNCONFIRMED,NOT_APPROVED,PLANNED,
SC-M26-05,M26,审计事件写入追加通道并定期对外签封或受控不可变存储；哈希链本身不能阻止有数据库管理权限的人整体重写，需独立信任边界。,R01；合规要求由项目适用性评估确定,INITIAL_ENGINEERING_SCOPE,MUST_CANDIDATE_PENDING_G0,P2/P3,M26-T05,M26-AC01;M26-AC02;M26-AC03;M26-AC04;M26-AC05,UNCONFIRMED,NOT_APPROVED,PLANNED,
SC-M26-06,M26,历史迁入签名保留源系统证明和验证状态；新系统不得生成当年时间的伪签名，证据包提供离线验证说明。,R01；合规要求由项目适用性评估确定,INITIAL_ENGINEERING_SCOPE,MUST_CANDIDATE_PENDING_G0,P2/P3,M26-T06,M26-AC01;M26-AC02;M26-AC03;M26-AC04;M26-AC05,UNCONFIRMED,NOT_APPROVED,PLANNED,
SC-M27-01,M27,定义可选 AI 场景：需求质量检查、测试草稿、缺陷摘要和检索辅助；使用独立供应商适配接口，不把某一厂商新增能力默认列为已有支持。,R01,INITIAL_ENGINEERING_SCOPE,MUST_CANDIDATE_PENDING_G0,P3,M27-T01,M27-AC01;M27-AC02;M27-AC03;M27-AC04;M27-AC05,UNCONFIRMED,NOT_APPROVED,PLANNED,
SC-M27-02,M27,按租户启用并配置允许模型、出境/区域策略、脱敏、保留期限及预算；未批准的项目数据不发给外部模型。,R01,INITIAL_ENGINEERING_SCOPE,MUST_CANDIDATE_PENDING_G0,P3,M27-T02,M27-AC01;M27-AC02;M27-AC03;M27-AC04;M27-AC05,UNCONFIRMED,NOT_APPROVED,PLANNED,
SC-M27-03,M27,检索在服务端按权限筛选，提示词将原始文档视为不可信数据；模型无权直接执行管理指令、修改权限或访问任意网络。,R01,INITIAL_ENGINEERING_SCOPE,MUST_CANDIDATE_PENDING_G0,P3,M27-T03,M27-AC01;M27-AC02;M27-AC03;M27-AC04;M27-AC05,UNCONFIRMED,NOT_APPROVED,PLANNED,
SC-M27-04,M27,输出保存模型标识、提示模板修订、来源引用、生成时间和评审结论；生成用例先进入草稿，人工批准后才成为正式修订。,R01,INITIAL_ENGINEERING_SCOPE,MUST_CANDIDATE_PENDING_G0,P3,M27-T04,M27-AC01;M27-AC02;M27-AC03;M27-AC04;M27-AC05,UNCONFIRMED,NOT_APPROVED,PLANNED,
SC-M27-05,M27,建立固定评价集，测量内容可用性、事实错误、隐私泄漏、越权检索及提示注入；不以模型自评分作为唯一验收。,R01,INITIAL_ENGINEERING_SCOPE,MUST_CANDIDATE_PENDING_G0,P3,M27-T05,M27-AC01;M27-AC02;M27-AC03;M27-AC04;M27-AC05,UNCONFIRMED,NOT_APPROVED,PLANNED,
SC-M27-06,M27,设置调用限流、成本上限、失败重试和总开关；模型不可用时核心测试管理继续工作，AI 不能伪造真实执行 PASS 证据。,R01,INITIAL_ENGINEERING_SCOPE,MUST_CANDIDATE_PENDING_G0,P3,M27-T06,M27-AC01;M27-AC02;M27-AC03;M27-AC04;M27-AC05,UNCONFIRMED,NOT_APPROVED,PLANNED,
SC-M28-01,M28,建立站点参数注册表，区分可热更新与需重启配置；敏感参数只返回引用或掩码，修改必须记录前后值类别与审批。,R01,INITIAL_ENGINEERING_SCOPE,MUST_CANDIDATE_PENDING_G0,P2/P3,M28-T01,M28-AC01;M28-AC02;M28-AC03;M28-AC04;M28-AC05,UNCONFIRMED,NOT_APPROVED,PLANNED,
SC-M28-02,M28,实现项目维护、导入导出、修复检查和站点统计；重建索引、对账、归档等使用可恢复任务，不在 HTTP 请求中长时间锁库。,R01,INITIAL_ENGINEERING_SCOPE,MUST_CANDIDATE_PENDING_G0,P2/P3,M28-T02,M28-AC01;M28-AC02;M28-AC03;M28-AC04;M28-AC05,UNCONFIRMED,NOT_APPROVED,PLANNED,
SC-M28-03,M28,设计自身诊断：接口延迟、慢查询、队列、节点、存储配额及错误关联；诊断采样不得默认记录密码、Cookie 或业务正文。,R01,INITIAL_ENGINEERING_SCOPE,MUST_CANDIDATE_PENDING_G0,P2/P3,M28-T03,M28-AC01;M28-AC02;M28-AC03;M28-AC04;M28-AC05,UNCONFIRMED,NOT_APPROVED,PLANNED,
SC-M28-04,M28,提供脱敏支持包，用户预览后导出；包包含版本、配置摘要、日志和故障时间窗，不自动外发给第三方。,R01,INITIAL_ENGINEERING_SCOPE,MUST_CANDIDATE_PENDING_G0,P2/P3,M28-T04,M28-AC01;M28-AC02;M28-AC03;M28-AC04;M28-AC05,UNCONFIRMED,NOT_APPROVED,PLANNED,
SC-M28-05,M28,为独立产品设计命名/并发用户及模块授权策略，选择是否需要商业许可证；旧 AutoPass 等仅在获授权且纳入范围时适配，不复制或绕过原产品许可机制。,R01,INITIAL_ENGINEERING_SCOPE,MUST_CANDIDATE_PENDING_G0,P2/P3,M28-T05,M28-AC01;M28-AC02;M28-AC03;M28-AC04;M28-AC05,UNCONFIRMED,NOT_APPROVED,PLANNED,
SC-M28-06,M28,安装器、离线升级包、许可证续期和灾难恢复均有验证流程；SaaS 服务运营目标与私有化产品能力分开计入交付。,R01,INITIAL_ENGINEERING_SCOPE,MUST_CANDIDATE_PENDING_G0,P2/P3,M28-T06,M28-AC01;M28-AC02;M28-AC03;M28-AC04;M28-AC05,UNCONFIRMED,NOT_APPROVED,PLANNED,
SC-M29-01,M29,建立数据分类及威胁模型，覆盖跨租户、导出、附件、插件、脚本、执行节点、离线包、AI 和迁移；每条威胁关联验证用例。,原创工程设计；以 P0 实机盘点为准,INITIAL_ENGINEERING_SCOPE,MUST_CANDIDATE_PENDING_G0,P0/P1/P2/P3/P4,M29-T01,M29-AC01;M29-AC02;M29-AC03;M29-AC04;M29-AC05,UNCONFIRMED,NOT_APPROVED,PLANNED,
SC-M29-02,M29,实施 TLS、可信反向代理、CSRF、内容净化、CSP、输入边界、速率控制及错误脱敏；对 URL 导入及 Webhook 转发配置 SSRF 出站限制。,原创工程设计；以 P0 实机盘点为准,INITIAL_ENGINEERING_SCOPE,MUST_CANDIDATE_PENDING_G0,P0/P1/P2/P3/P4,M29-T02,M29-AC01;M29-AC02;M29-AC03;M29-AC04;M29-AC05,UNCONFIRMED,NOT_APPROVED,PLANNED,
SC-M29-03,M29,依赖和容器镜像生成 SBOM 并做漏洞及许可证检查；优先固定版本和校验摘要，第三方代码变更进入审查。,原创工程设计；以 P0 实机盘点为准,INITIAL_ENGINEERING_SCOPE,MUST_CANDIDATE_PENDING_G0,P0/P1/P2/P3/P4,M29-T03,M29-AC01;M29-AC02;M29-AC03;M29-AC04;M29-AC05,UNCONFIRMED,NOT_APPROVED,PLANNED,
SC-M29-04,M29,私有化密钥支持轮换及失效，环境隔离权限独立；生产访问采用短时授权与可审计运维，不能通过共享管理员账号追责。,原创工程设计；以 P0 实机盘点为准,INITIAL_ENGINEERING_SCOPE,MUST_CANDIDATE_PENDING_G0,P0/P1/P2/P3/P4,M29-T04,M29-AC01;M29-AC02;M29-AC03;M29-AC04;M29-AC05,UNCONFIRMED,NOT_APPROVED,PLANNED,
SC-M29-05,M29,执行单元、集成、动态扫描和人工越权测试；高危项未修复不可发布，例外需风险所有者、期限及补偿措施。,原创工程设计；以 P0 实机盘点为准,INITIAL_ENGINEERING_SCOPE,MUST_CANDIDATE_PENDING_G0,P0/P1/P2/P3/P4,M29-T05,M29-AC01;M29-AC02;M29-AC03;M29-AC04;M29-AC05,UNCONFIRMED,NOT_APPROVED,PLANNED,
SC-M29-06,M29,设计安全事件响应、证据保全和客户通知流程；演练泄露凭据、恶意文件、节点被入侵和供应链污染，归档整改。,原创工程设计；以 P0 实机盘点为准,INITIAL_ENGINEERING_SCOPE,MUST_CANDIDATE_PENDING_G0,P0/P1/P2/P3/P4,M29-T06,M29-AC01;M29-AC02;M29-AC03;M29-AC04;M29-AC05,UNCONFIRMED,NOT_APPROVED,PLANNED,
SC-M30-01,M30,冻结压测环境、数据规模和业务配比；分别测交互 API、异步导出、基线、迁移、调度及附件，不将注册用户数量当并发能力。,原创工程设计；以 P0 实机盘点为准,INITIAL_ENGINEERING_SCOPE,MUST_CANDIDATE_PENDING_G0,P2/P4,M30-T01,M30-AC01;M30-AC02;M30-AC03;M30-AC04;M30-AC05,UNCONFIRMED,NOT_APPROVED,PLANNED,
SC-M30-02,M30,采用至少两实例无状态服务、受支持的数据库高可用方案、共享对象存储和幂等后台任务；数据库故障切换由经过演练的成熟方案执行。,原创工程设计；以 P0 实机盘点为准,INITIAL_ENGINEERING_SCOPE,MUST_CANDIDATE_PENDING_G0,P2/P4,M30-T02,M30-AC01;M30-AC02;M30-AC03;M30-AC04;M30-AC05,UNCONFIRMED,NOT_APPROVED,PLANNED,
SC-M30-03,M30,定义建议 SLO：核心交互 p95 ≤800ms、错误率 <0.5%，以 100 活跃用户和约 50 RPS 参考负载验证；这是待测目标，不是已达性能。,原创工程设计；以 P0 实机盘点为准,INITIAL_ENGINEERING_SCOPE,MUST_CANDIDATE_PENDING_G0,P2/P4,M30-T03,M30-AC01;M30-AC02;M30-AC03;M30-AC04;M30-AC05,UNCONFIRMED,NOT_APPROVED,PLANNED,
SC-M30-04,M30,定义恢复目标 RPO 15 分钟、RTO 4 小时的候选档；使用数据库连续日志和对象版本/复制配合建立一致恢复清单，实际保证需用演练数据确认。,原创工程设计；以 P0 实机盘点为准,INITIAL_ENGINEERING_SCOPE,MUST_CANDIDATE_PENDING_G0,P2/P4,M30-T04,M30-AC01;M30-AC02;M30-AC03;M30-AC04;M30-AC05,UNCONFIRMED,NOT_APPROVED,PLANNED,
SC-M30-05,M30,升级采用扩展、兼容双写/回填、切换、收缩四步；删除列或改变语义前证明旧版本已下线。不可逆迁移前备份并明确只能前滚的情况。,原创工程设计；以 P0 实机盘点为准,INITIAL_ENGINEERING_SCOPE,MUST_CANDIDATE_PENDING_G0,P2/P4,M30-T05,M30-AC01;M30-AC02;M30-AC03;M30-AC04;M30-AC05,UNCONFIRMED,NOT_APPROVED,PLANNED,
SC-M30-06,M30,执行长稳、主库故障、节点断网、对象存储受限、备份恢复和升级回退演练；确认新写入数据处理后签署运行手册。,原创工程设计；以 P0 实机盘点为准,INITIAL_ENGINEERING_SCOPE,MUST_CANDIDATE_PENDING_G0,P2/P4,M30-T06,M30-AC01;M30-AC02;M30-AC03;M30-AC04;M30-AC05,UNCONFIRMED,NOT_APPROVED,PLANNED,
SC-M31-01,M31,选择一个低定制项目试点，再扩展到一个强定制和一个大数据项目；每次试点记录真实业务流程、用户角色及数据边界。,原创工程设计；以 P0 实机盘点为准,INITIAL_ENGINEERING_SCOPE,MUST_CANDIDATE_PENDING_G0,P1/P2/P4,M31-T01,M31-AC01;M31-AC02;M31-AC03;M31-AC04;M31-AC05,UNCONFIRMED,NOT_APPROVED,PLANNED,
SC-M31-02,M31,按角色培训管理员、需求人员、测试设计者、执行者、开发人员、审计人员和运维；提供从旧产品到新平台的操作映射。,原创工程设计；以 P0 实机盘点为准,INITIAL_ENGINEERING_SCOPE,MUST_CANDIDATE_PENDING_G0,P1/P2/P4,M31-T02,M31-AC01;M31-AC02;M31-AC03;M31-AC04;M31-AC05,UNCONFIRMED,NOT_APPROVED,PLANNED,
SC-M31-03,M31,执行端到端 UAT 并保留证据：从发布和需求开始，设计、执行、缺陷、复测、基线、报表直至签批；不能只演示孤立页面。,原创工程设计；以 P0 实机盘点为准,INITIAL_ENGINEERING_SCOPE,MUST_CANDIDATE_PENDING_G0,P1/P2/P4,M31-T03,M31-AC01;M31-AC02;M31-AC03;M31-AC04;M31-AC05,UNCONFIRMED,NOT_APPROVED,PLANNED,
SC-M31-04,M31,建立缺陷分级及放行标准，关键路径与高危缺陷清零；已接受差异单独签字且不会自动计入零修改兼容。,原创工程设计；以 P0 实机盘点为准,INITIAL_ENGINEERING_SCOPE,MUST_CANDIDATE_PENDING_G0,P1/P2/P4,M31-T04,M31-AC01;M31-AC02;M31-AC03;M31-AC04;M31-AC05,UNCONFIRMED,NOT_APPROVED,PLANNED,
SC-M31-05,M31,完成切换演练、停写通知、备份、最终增量、对账、恢复点和回滚判定；由业务、技术、运维和数据负责人联合放行。,原创工程设计；以 P0 实机盘点为准,INITIAL_ENGINEERING_SCOPE,MUST_CANDIDATE_PENDING_G0,P1/P2/P4,M31-T05,M31-AC01;M31-AC02;M31-AC03;M31-AC04;M31-AC05,UNCONFIRMED,NOT_APPROVED,PLANNED,
SC-M31-06,M31,进入受控稳定期，建立支持分级、故障响应、升级培训及知识库；稳定期内重新计算容量和运维人力，不把交付后维护当作零成本。,原创工程设计；以 P0 实机盘点为准,INITIAL_ENGINEERING_SCOPE,MUST_CANDIDATE_PENDING_G0,P1/P2/P4,M31-T06,M31-AC01;M31-AC02;M31-AC03;M31-AC04;M31-AC05,UNCONFIRMED,NOT_APPROVED,PLANNED,
SC-M32-01,M32,从已签批目标清单逐项核对功能、角色、异常、历史及扩展行为；本仓库种子矩阵必须在 P0 展开，不能将种子矩阵数量当作原厂完整功能数。,原创工程设计；以 P0 实机盘点为准,INITIAL_ENGINEERING_SCOPE,MUST_CANDIDATE_PENDING_G0,P4,M32-T01,M32-AC01;M32-AC02;M32-AC03;M32-AC04;M32-AC05,UNCONFIRMED,NOT_APPROVED,PLANNED,
SC-M32-02,M32,独立执行功能、迁移、REST、OTA/COM、脚本、客户端和非功能七类验收；一个类别通过不能替代其他类别通过。,原创工程设计；以 P0 实机盘点为准,INITIAL_ENGINEERING_SCOPE,MUST_CANDIDATE_PENDING_G0,P4,M32-T02,M32-AC01;M32-AC02;M32-AC03;M32-AC04;M32-AC05,UNCONFIRMED,NOT_APPROVED,PLANNED,
SC-M32-03,M32,对每个 MUST 范围项要求实现提交、测试结果、迁移影响和用户确认；BLOCKED、未测及无证据项目不计完成。,原创工程设计；以 P0 实机盘点为准,INITIAL_ENGINEERING_SCOPE,MUST_CANDIDATE_PENDING_G0,P4,M32-T03,M32-AC01;M32-AC02;M32-AC03;M32-AC04;M32-AC05,UNCONFIRMED,NOT_APPROVED,PLANNED,
SC-M32-04,M32,冻结发行清单：源代码与构建、镜像、安装器、数据库迁移、SDK、文档、SBOM、备份恢复及已知差异；清单与实际发布文件逐项校验。,原创工程设计；以 P0 实机盘点为准,INITIAL_ENGINEERING_SCOPE,MUST_CANDIDATE_PENDING_G0,P4,M32-T04,M32-AC01;M32-AC02;M32-AC03;M32-AC04;M32-AC05,UNCONFIRMED,NOT_APPROVED,PLANNED,
SC-M32-05,M32,成立变更委员会管理新版本对标、兼容回归及维护升级；新增客户定制或厂商扩展触发新范围版本，不能无限追加到已关闭合同。,原创工程设计；以 P0 实机盘点为准,INITIAL_ENGINEERING_SCOPE,MUST_CANDIDATE_PENDING_G0,P4,M32-T05,M32-AC01;M32-AC02;M32-AC03;M32-AC04;M32-AC05,UNCONFIRMED,NOT_APPROVED,PLANNED,
SC-M32-06,M32,签署最终验收与维护移交；若关键兼容项未解决，只能交付已验证的阶段版本并公开差距，不把未完成写成“全量”。,原创工程设计；以 P0 实机盘点为准,INITIAL_ENGINEERING_SCOPE,MUST_CANDIDATE_PENDING_G0,P4,M32-T06,M32-AC01;M32-AC02;M32-AC03;M32-AC04;M32-AC05,UNCONFIRMED,NOT_APPROVED,PLANNED,
